iso3,period,admin_level,service,admin_name,pop_total,pop_covered,pop_coverage_pct,area_coverage_pct,tiles,tests,devices,d_median_pop,d_mean_pop,d_median_tile,d_p10_pop,d_p90_pop,divide_ratio,u_median_pop,lat_median_pop,pct_above_bb,pct_above_hi,density
GHA,2026Q2,ADM2,fixed,Ablekuma Central Municipal,237801.27514648438,197837.82885742188,83.19460387062885,59.74901428143326,23.0,624.0,63.0,79.98387246325024,99.39913458786154,80.543,26.820849858658512,201.36635119348938,7.507828881435789,47.58114981487811,8.049540497589101,100.0,90.28331874685364,16676.9198991051
GHA,2026Q2,ADM2,fixed,Ablekuma North Municipal,381707.9528808594,381707.9528808594,100.0,94.26405949262251,75.0,1119.0,302.0,69.44072413444071,89.33049574842201,70.359,27.55833627051918,161.4885811742252,5.8598813654429245,44.60664561061736,7.395742995604283,95.6345378876565,92.40478748215804,12952.59301386611
GHA,2026Q2,ADM2,fixed,Ablekuma West Municipal,208693.849609375,182395.02978515625,87.39837332367779,77.43203006689477,27.0,216.0,68.0,72.8164329926925,104.25800479399342,72.011,15.694609257921421,271.3047669925445,17.28649388678542,41.69285979691228,14.0,93.38216045404322,79.33500894104509,16156.158836842162
GHA,2026Q2,ADM2,fixed,Abuakwa North,99298.51399064064,14401.713785171509,14.503453482223248,1.1596550686191147,5.0,20.0,5.0,79.20484474388653,73.25543902690794,45.153,3.077955386306458,123.51006965662901,40.12730990387775,13.708624323795524,85.18832442685354,82.78780151114856,65.51191702536082,623.2311608534116
GHA,2026Q2,ADM2,fixed,Abuakwa South,84870.20078420764,295.3016052246094,0.3479449824508464,0.10581361386410154,1.0,1.0,1.0,9.098,9.098,9.098,9.098,9.098,1.0,6.473,36.0,0.0,0.0,242.90727752372342
GHA,2026Q2,ADM2,fixed,Abura-asebu-kwamankese,142420.97097572783,0.0,0.0,0.09833280132551964,1.0,4.0,1.0,11.532,11.532,11.532,11.532,11.532,1.0,20.033,38.0,100.0,0.0,377.69349040507103
GHA,2026Q2,ADM2,fixed,Accra Metropolis,94748.21484375,69542.615234375,73.39728283963794,65.21203709890932,10.0,343.0,53.0,42.5456845811255,69.43747751185624,52.210499999999996,15.90902836669455,200.87844930188075,12.62669502321201,25.358854477419005,28.495287434738003,100.0,85.17148312489104,16679.76577360655
GHA,2026Q2,ADM2,fixed,Ada East,87563.96504426826,3017.743453979492,3.4463302940357505,0.5102207909797112,4.0,13.0,6.0,38.95762577886071,149.13512568340525,42.0415,31.716,385.215,12.145762391222094,49.27079829700329,31.1316696529422,100.0,100.0,301.8065436793984
GHA,2026Q2,ADM2,fixed,Ada West,80709.64262974852,1382.88427734375,1.7134065178403317,0.11444859073020822,1.0,8.0,1.0,70.949,70.949,70.949,70.949,70.949,1.0,18.723,48.0,100.0,100.0,249.6306634546806
GHA,2026Q2,ADM2,fixed,Adaklu,46132.29263718995,901.1086750030518,1.953314313012519,0.13826512424502696,3.0,3.0,3.0,59.44108491524158,59.00659107202851,55.876,26.56838127989834,79.80767843982338,3.0038592716299934,28.6947046739845,30.0,100.0,97.2455210838047,57.61304302898883
GHA,2026Q2,ADM2,fixed,Adansi Akrofuom,59373.7019757085,627.4265441894531,1.0567414921275273,0.13009889470626818,2.0,3.0,2.0,12.52680989807492,12.526809898074921,13.4085,8.727,18.09,2.072877277414919,17.65438025331631,104.62333008568831,40.58325214220784,0.0,104.43481123566268
GHA,2026Q2,ADM2,fixed,Adansi North,75828.79565078313,5931.696983337402,7.822486078580021,0.7165530894402504,5.0,89.0,6.0,48.71017736864935,63.107499486602684,56.39,5.862942794004157,184.37153078831233,31.446926443980175,15.554638116831239,52.433205394592285,74.10961104576096,74.10961104576096,294.10330173896756
GHA,2026Q2,ADM2,fixed,Adenta Municipal,247308.80097961426,230892.97775268555,93.36221632149602,74.24213331678638,156.0,1368.0,425.0,65.19652498891325,79.53893004477732,66.767,34.596352646605446,138.02620768158434,3.9896173186663164,55.62299443603559,9.0,98.11391545535808,92.55811664394722,3178.8925596751633
GHA,2026Q2,ADM2,fixed,Afadzato South,84616.48080969199,4565.756649017334,5.395824318534376,0.4000535592231421,6.0,85.0,7.0,33.247150785757135,47.16158338260788,69.355,5.58,104.51477894606208,18.730247122950193,15.670848327034111,33.17633933259258,77.78637891884242,77.78637891884242,153.02462449297468
GHA,2026Q2,ADM2,fixed,Afigya Kwabre South,278803.2451233864,53376.197326660156,19.144754682836684,2.8088442619636536,17.0,59.0,19.0,71.82063586198568,76.1256766939404,61.356,20.730448019262173,150.82139476211768,7.275356259641784,16.383318320827392,42.0,94.54872298566724,86.83547393711508,1249.3948357689765
GHA,2026Q2,ADM2,fixed,Agona West Municipal,151494.2023535356,3124.046844482422,2.0621560402634858,0.31202328039368193,3.0,25.0,3.0,48.90856580100072,52.328765972032265,65.143,46.598,64.66879212140101,1.3878018825142928,9.037794486623616,89.90149490077935,100.0,100.0,425.3424095358538
GHA,2026Q2,ADM2,fixed,Ahafo Ano North,101384.9484910965,139.84889221191406,0.1379385148321059,0.12407593602158246,2.0,4.0,3.0,178.26828068294682,178.26828068294682,119.08800000000001,48.149880682946815,200.412,4.162253304834869,18.525999167648525,33.54458018093191,100.0,100.0,170.75668178970258
GHA,2026Q2,ADM2,fixed,Ahafo Ano South East,106333.25158736215,674.7066650390625,0.6345208624460538,0.05369190002781972,1.0,1.0,1.0,226.92,226.92000000000002,226.92,226.92,226.92,1.0,32.92,35.0,100.0,100.0,154.87033021382373
GHA,2026Q2,ADM2,fixed,Ahanta West Municipal,164402.04205035346,15897.933166503906,9.670155533490666,1.0704855662486845,16.0,68.0,18.0,43.27691603720865,89.67636695724488,52.0965,7.5663769921397455,250.60740713293183,33.12118962526885,17.47918969928603,35.92597330704238,87.59889902777519,65.49042268442552,296.30216723425605
GHA,2026Q2,ADM2,fixed,Akatsi North,32563.124062065835,172.37318420410156,0.5293508813084258,0.11771687910868049,1.0,1.0,1.0,32.596,32.596,32.596,32.596,32.596,1.0,13.114,29.0,100.0,100.0,103.74531162968778
GHA,2026Q2,ADM2,fixed,Akwapem North,109673.40413821004,8232.82500076294,7.506674079695713,0.8441997129027669,7.0,44.0,9.0,19.293559267881804,22.22835645110761,22.649,9.046,38.97965327917011,4.309048560598066,8.450048847624908,58.550285575395385,69.22327160824726,36.351159465136234,357.527559449738
GHA,2026Q2,ADM2,fixed,Akwapem South,64079.35330438614,5542.380712985992,8.6492457042425,1.982934486159736,12.0,87.0,19.0,39.882273927736776,109.48253086725805,38.3565,17.599764131695473,272.81043196755707,15.500800461084127,10.944553885379994,34.837305552514806,100.0,59.525826458836285,286.1124910998766
GHA,2026Q2,ADM2,fixed,Akyem Mansa,102748.03966139634,19.819108963012695,0.0192890385338018,0.060460742364119115,1.0,4.0,1.0,56.172,56.172,56.172,56.172,56.172,1.0,10.81,75.0,100.0,100.0,167.94356823239605
GHA,2026Q2,ADM2,fixed,Amansie Central,100211.30482827101,1518.764404296875,1.5155619487237835,0.21728318751449904,5.0,15.0,5.0,30.374624538520777,23.214429677316264,30.239,4.772,34.928,7.319362950544844,13.814390983025655,51.35332460062162,65.15993611171704,65.15993611171704,117.82488637090195
GHA,2026Q2,ADM2,fixed,Amansie South,101144.51687413912,6498.09956741333,6.424569287823431,0.37349745665605744,6.0,51.0,7.0,159.93993237040993,127.93279741128184,168.70350000000002,12.402,242.70401933008444,19.56974837365622,21.03345449092215,40.765379914402196,100.0,62.71781058555145,170.45485743784195
GHA,2026Q2,ADM2,fixed,Amansie West,146274.49411352514,7395.890018463135,5.056172002702747,0.4631187906288951,8.0,89.0,13.0,46.86669939381449,75.71091051896892,51.621,23.774719125461417,164.966,6.938714990888388,16.105908235286453,43.938067530073646,100.0,94.21405941765096,229.3792381439974
GHA,2026Q2,ADM2,fixed,Anloga,61989.148557764536,6094.1422119140625,9.830982282705886,0.3134632317214742,2.0,5.0,2.0,33.64868729646868,33.64868729646867,51.824,9.664,93.984,9.725165562913906,12.501878961576452,137.1860883232816,28.44483787531864,28.44483787531864,262.50980097138046
GHA,2026Q2,ADM2,fixed,Aowin,148238.9850644222,6931.9147872924805,4.676175288356154,0.17032986356078228,12.0,108.0,12.0,26.663814865944794,36.23095021085657,28.9765,23.58962371502772,36.68944870550226,1.5553214900214505,3.3103144328240965,47.0,98.10004083071998,96.05510742822574,56.82545636608644
GHA,2026Q2,ADM2,fixed,Asante Akim Central Municipal,104231.29582291876,26555.47802734375,25.477451678677713,0.8608171471957903,7.0,20.0,9.0,26.32073495921515,100.76833847374708,56.563,12.676,309.822,24.44162196276428,16.242363370872674,37.625676565230926,100.0,51.210208253766496,347.4162941764415
GHA,2026Q2,ADM2,fixed,Asante Akim North,96580.67443526814,1191.235595703125,1.2334098955806465,0.03271912599118548,1.0,1.0,1.0,57.385,57.385,57.385,57.385,57.385,1.0,23.385,106.0,100.0,100.0,85.7102769930155
GHA,2026Q2,ADM2,fixed,Asene Akroso Manso,84845.83483035327,40.54180145263672,0.047782901227501444,0.0882656614327895,1.0,2.0,1.0,37.412,37.412,37.412,37.412,37.412,1.0,19.796,37.0,100.0,100.0,202.40767142611634
GHA,2026Q2,ADM2,fixed,Ashaiman Municipal,228299.62231445312,181441.046875,79.47496585215042,54.02441268067696,27.0,210.0,63.0,74.27916957453752,75.48388586320664,74.167,20.95474469188207,128.74282773091076,6.14385093323452,66.23755890511725,7.17536434685194,100.0,88.0148573803146,12338.080261027791
GHA,2026Q2,ADM2,fixed,Asokore Mampong Municipal,195187.81048583984,101866.6533203125,52.18904452422379,23.097969558006493,15.0,107.0,28.0,126.25462387697277,183.1160390168553,86.378,62.24868170916514,403.4045733336852,6.480531992925567,24.73523522017311,27.83242433226318,96.90654257083712,96.90654257083712,8149.138976372384
GHA,2026Q2,ADM2,fixed,Asokwa  Municipal,130537.91119384766,61921.656494140625,47.43576477348983,29.206662173759128,21.0,131.0,47.0,63.71920530495403,110.49069370402914,62.187,44.64311211714419,354.8158034549732,7.947828603972126,33.309057742860226,27.400387073369426,100.0,94.84060177118153,4921.215731170823
GHA,2026Q2,ADM2,fixed,Assin Fosu,91444.15325105692,6837.672119140625,7.477429530533265,0.2656993034827531,2.0,13.0,2.0,91.3609722741783,91.3609722741783,91.005,90.265,91.745,1.0163961668420762,16.081471471899718,45.221565420631656,100.0,100.0,328.1031745287205
GHA,2026Q2,ADM2,fixed,Assin North,102176.3131567619,1565.5582275390625,1.5322124856248602,0.0509433901617277,1.0,4.0,1.0,18.85,18.85,18.85,18.85,18.85,1.0,19.724,36.0,100.0,0.0,140.69722561242114
GHA,2026Q2,ADM2,fixed,Assin South,112264.9277786387,3110.9482421875,2.771077578495034,0.03362952398681177,1.0,3.0,1.0,20.776,20.776,20.776,20.776,20.776,1.0,19.251,46.0,100.0,0.0,101.90207407303508
GHA,2026Q2,ADM2,fixed,Asunafo North Municipal,169545.44895879537,8136.3660888671875,4.798929218586438,0.07832179085844793,3.0,6.0,5.0,82.85333210786413,83.72648208906557,112.562,37.932,161.335,4.253269007697986,16.590465216365917,60.406179229944186,100.0,100.0,120.08482417783951
GHA,2026Q2,ADM2,fixed,Asunafo South,105184.81439219537,919.8190002441406,0.8744788927558258,0.07992433446160362,2.0,2.0,2.0,74.51364951252344,74.51364951252344,64.52000000000001,3.869,125.171,32.352287412768156,13.189749837105257,160.80962198897706,58.238651887457294,58.238651887457294,113.90703619795865
GHA,2026Q2,ADM2,fixed,Asuogyaman,113451.2988795459,14613.262486457825,12.880648023230737,0.675455148895793,14.0,73.0,18.0,44.373171744794305,67.64637846585995,106.257,29.108988889706126,101.01948932955186,3.4703881234870235,12.041635607902482,19.874244102843594,100.0,100.0,148.15238493164173
GHA,2026Q2,ADM2,fixed,Asutifi North,84256.43084952437,4690.522391319275,5.566960698461336,0.2755342633784486,7.0,21.0,10.0,9.762285062472142,54.24053476979346,73.96,3.844,219.52440074948623,57.108324856786226,3.9397021951419164,35.54908528545497,33.82985247695334,30.897365997599046,90.03334902179978
GHA,2026Q2,ADM2,fixed,Asutifi South,81241.16260815077,371.56964111328125,0.4573662281342123,0.1233767457751586,2.0,3.0,2.0,145.61605514819237,145.61605514819237,151.959,136.787,167.131,1.2218339462083385,22.426543643291655,42.79938021914988,100.0,100.0,135.98303628966002
GHA,2026Q2,ADM2,fixed,Atiwa East,76091.330848914,4488.92138671875,5.899386088583332,0.19111788636234917,3.0,19.0,3.0,194.017,175.18166666666667,194.017,73.511,258.017,3.5099100814844038,29.345,30.0,100.0,100.0,131.2517613687858
GHA,2026Q2,ADM2,fixed,Atiwa West,67209.95576155857,1857.114013671875,2.763153155851459,0.06307044670173728,1.0,12.0,1.0,14.541,14.541000000000002,14.541,14.541,14.541,1.0,15.078,46.0,100.0,0.0,114.75770786825127
GHA,2026Q2,ADM2,fixed,Atwima Kwanwoma,227431.11704456838,57723.19875335693,25.380519386907487,3.519671202744688,24.0,155.0,36.0,90.6269802464775,113.03998373213668,77.1985,19.295373476600467,239.05716325826182,12.389351444695635,16.874152209204844,48.36546316127444,100.0,81.27966200394987,903.9907348670386
GHA,2026Q2,ADM2,fixed,Atwima Mponua,174368.16038138865,4282.369510650635,2.455935476570938,0.1763286906300182,9.0,31.0,13.0,106.17908411649884,96.58904928748224,39.636,20.869711918024255,220.3699281746462,10.559318165974412,11.44061115961274,53.238727933392596,97.30931516180243,79.99726728406772,92.57660988018607
GHA,2026Q2,ADM2,fixed,Atwima Nwabiagya North,80217.94018316276,10548.39794921875,13.149674405916485,0.6928415172262482,4.0,54.0,4.0,30.866264142133467,39.240090300664455,46.400000000000006,2.094,116.69334937803731,55.7274829885565,7.631525643332703,63.49836971638132,64.03472804089077,64.03472804089077,376.85482180551173
GHA,2026Q2,ADM2,fixed,Atwima Nwabiagya South,308245.0213305959,98813.43192100525,32.05678115885183,3.6227490993266103,36.0,257.0,50.0,42.64002387217042,64.29796220157479,44.5125,17.834536434465583,169.36408523968177,9.496410846562988,21.667702730787575,32.96378128692748,96.9340824563443,79.11017329351832,841.0327939546868
GHA,2026Q2,ADM2,fixed,Awutu Senya,146252.3993413172,7127.792999267578,4.873624659403404,0.9080363501494189,6.0,21.0,6.0,28.153400085526716,37.722796604309615,17.891,7.3260314869969125,105.89468001344311,14.454576151003067,12.605963990171611,67.6241219980319,90.8971550022448,58.713776811773556,597.5492079875881
GHA,2026Q2,ADM2,fixed,Awutu Senya East,285694.091776371,134460.0262451172,47.0643356357424,12.368193108667478,36.0,196.0,52.0,33.241304065324925,60.079164142516895,33.205,11.511692418097205,132.7593166106188,11.53256287510876,11.259753301353177,36.287669887541085,92.72503326441581,62.86033640017401,2649.782142251712
GHA,2026Q2,ADM2,fixed,Ayawaso Central Municipal,17623.875,17623.875,100.0,110.97002608741353,5.0,63.0,23.0,28.504646524353944,29.55028604923005,34.763,7.238,54.2950119209225,7.501383244117504,13.485610795260866,32.90631207167954,68.49321324794114,50.448321241692454,10560.25126578106
GHA,2026Q2,ADM2,fixed,Ayawaso East Municipal,97323.62524414062,97323.62524414062,100.0,84.5144301906839,14.0,188.0,48.0,76.95512714623439,242.12061955316065,80.744,30.67102784981809,893.3188353163964,29.12581996568774,61.5398021222163,10.242049072210133,97.28390829962595,92.65496603740631,15862.642288067054
GHA,2026Q2,ADM2,fixed,Ayawaso North Municipal,73414.12158203125,73414.12158203125,100.0,91.91207794334483,12.0,163.0,54.0,68.11263422300757,73.57106535518378,72.71600000000001,35.570416867024235,102.14998829779981,2.871768095371931,55.23522081885608,6.504437574090548,100.0,92.04199837006506,15182.34310629604
GHA,2026Q2,ADM2,fixed,Ayawaso West,99017.49918365479,95914.08981323242,96.86579706010727,82.46326835060056,73.0,1322.0,456.0,66.03598257043228,78.06519122646627,66.427,38.10006079450551,132.01913039302096,3.465063510136438,47.919164589020994,15.310100265402832,98.33955675886631,97.92347601375504,3020.371893833648
GHA,2026Q2,ADM2,fixed,Ayensuano,103768.59035960124,494.49334716796875,0.47653470617105237,0.14819883892184674,2.0,2.0,2.0,41.61614018735885,41.61614018735885,40.588,27.697,53.479,1.9308589377910965,21.426834133466244,33.61963465061192,100.0,100.0,207.88912761394366
GHA,2026Q2,ADM2,fixed,Banda,32567.309102995663,510.19004106521606,1.56657106502633,0.11150948242704203,7.0,21.0,9.0,21.655822353512217,38.05322197179351,22.007,13.780587938390525,59.32790187310129,4.30517929556715,13.345061622300245,49.72734669780657,99.24758520421307,43.03947942460072,14.171231319264582
GHA,2026Q2,ADM2,fixed,Bawku Municipal,139472.2871726269,18106.028900146484,12.981811130505363,1.0207826093601302,7.0,61.0,9.0,42.637672775142036,43.208937337345226,52.581,34.759,56.169576147107385,1.6159721553297675,23.11101740398777,66.72953342682904,100.0,100.0,564.703406481251
GHA,2026Q2,ADM2,fixed,Bawku West,159827.30091806693,11157.1181640625,6.980733641858865,0.033628130700257254,1.0,2.0,1.0,13.582,13.582,13.582,13.582,13.582,1.0,13.058,44.0,100.0,0.0,149.10501686647873
GHA,2026Q2,ADM2,fixed,Bekwai Municipal,161185.7828542744,18639.87727355957,11.564219215544338,0.48245096185077896,7.0,15.0,7.0,235.92525452399525,213.62604936021796,94.605,45.446740660733155,287.0712878496754,6.316652936515433,25.379420979793966,34.67723348693781,100.0,88.73749869326316,300.94605681192235
GHA,2026Q2,ADM2,fixed,Berekum East Municipal,132299.43886730968,25590.11978149414,19.342576204846843,0.5571971068289927,7.0,101.0,8.0,31.794717606882283,43.373058938539806,18.24,7.095066706336494,103.41101234560665,14.575058505546096,6.548451648681395,50.615418221133595,84.36614425305444,48.73290475795258,286.46065382794313
GHA,2026Q2,ADM2,fixed,Berekum West,41576.955051724595,696.7924041748047,1.6759101365358453,0.18319761055869155,2.0,7.0,4.0,52.72440286364255,52.72440286364255,67.60849999999999,18.714,116.503,6.225446190018169,6.947763215371111,37.8698562642753,100.0,34.77937484138559,103.58608331453905
GHA,2026Q2,ADM2,fixed,Bibiani-anhwiaso-bekwai Municipal,189149.933356705,26152.951904296875,13.826572095574996,0.22140461841621734,5.0,16.0,5.0,148.32515320283326,135.4267697395592,181.77,23.67147969857386,212.47877310206496,8.976150870486824,22.60850542356704,38.94760804866922,100.0,84.86779400975655,226.85733490988645
GHA,2026Q2,ADM2,fixed,Binduri,79073.509292906,360.09527587890625,0.45539306285880476,0.09193615032961841,1.0,3.0,1.0,220.061,220.061,220.061,220.061,220.061,1.0,27.01,36.0,100.0,100.0,201.7503491951038
GHA,2026Q2,ADM2,fixed,Birim Central Municipal,81547.1997531061,6016.364013671875,7.377768987638001,0.3465781098271793,1.0,1.0,1.0,149.995,149.995,149.995,149.995,149.995,1.0,51.085,37.0,100.0,100.0,763.9371747372488
GHA,2026Q2,ADM2,fixed,Birim North,93355.31212149485,2379.676181793213,2.5490527830877423,0.3260904535617596,5.0,8.0,7.0,35.59312195086876,60.38786066641188,72.467,15.738,141.90445370436683,9.016676433115189,11.828251562747418,37.43315266333009,100.0,57.82673689612204,164.8406902057037
GHA,2026Q2,ADM2,fixed,Birim South,56817.687174861916,3773.59765625,6.641589694836379,0.23716451399102592,2.0,43.0,3.0,134.53386817280492,134.53386817280492,140.666,83.925,197.407,2.3521834971700923,28.432511840013078,29.67578302318279,100.0,100.0,182.11171063366814
GHA,2026Q2,ADM2,fixed,Bole,129118.63338626022,108.43443584442139,0.08398047051817706,0.023699192867891586,4.0,19.0,4.0,126.6146085514803,125.14091001017776,149.7595,38.5926368097568,201.2388290125507,5.214435852221285,13.38587614390015,76.43235716580222,100.0,100.0,20.92554541302921
GHA,2026Q2,ADM2,fixed,Bolga  East,49567.093700408936,478.2138671875,0.9647809292146469,0.5024204290590019,1.0,2.0,1.0,56.416,56.416000000000004,56.416,56.416,56.416,1.0,27.748,38.0,100.0,100.0,690.0276556343732
GHA,2026Q2,ADM2,fixed,Bolgatanga Municipal,156218.89810559194,16611.481689453125,10.633464895025083,1.331021850402553,12.0,22.0,13.0,93.76903553233063,118.12506575188146,84.55199999999999,17.190621963627798,217.73255523024665,12.665775309987549,17.0136428179686,43.682206270416984,98.69273860622305,80.45800050584482,480.2936827374024
GHA,2026Q2,ADM2,fixed,Bongo,132483.99105525223,2488.7171630859375,1.8785040692562032,0.2605615880382319,3.0,42.0,3.0,13.169108763275792,13.186051324358358,15.378,10.502,18.124,1.7257665206627306,7.967,56.469870310245675,100.0,0.0,319.275012871222
GHA,2026Q2,ADM2,fixed,Bosome Freho,69176.58473375124,1411.0385131835938,2.0397631924363395,0.12976767262010402,2.0,5.0,2.0,91.2536945243962,91.25369452439621,87.94800000000001,49.574,126.322,2.548150240045185,14.16088644734261,33.370783817517214,100.0,100.0,121.50750514805901
GHA,2026Q2,ADM2,fixed,Bosomtwe,181615.42785473066,12958.418884277344,7.135087055843316,0.5238377253600532,6.0,30.0,8.0,38.77077813084717,68.49221141951206,48.493,13.341040532577729,202.261450379231,15.160845204339578,10.737007167794369,56.00390972546954,87.76582917486485,87.76582917486485,429.7366404583145
GHA,2026Q2,ADM2,fixed,Cape Coast Metropolitan,205724.0464460854,105554.9860496521,51.30901704158106,17.885824140190657,59.0,389.0,99.0,30.59618358462866,79.15088706171862,42.24,6.2006456419782285,177.89662040653886,28.690015633562872,18.249555377125866,34.67892942474515,82.50899042343221,54.60169629313823,1681.31262342664
GHA,2026Q2,ADM2,fixed,Central Gonja,157126.40856166751,8983.054504394531,5.717087653581126,0.01448242501766328,3.0,12.0,4.0,315.0493279416674,313.89540163857305,315.019,263.6281728711345,321.60540184472023,1.21992045972236,21.439703279203368,43.90628598381962,100.0,100.0,20.79016076665233
GHA,2026Q2,ADM2,fixed,Central Tongu,88974.52321121746,7663.451354980469,8.61308504771431,0.21688315520364138,4.0,5.0,4.0,12.396522443143258,14.564245989090283,12.616,1.512,50.73199880000642,33.55290925926351,8.249046083683554,35.498325568907,59.12983536443603,0.5009183525696378,130.54222482804477
GHA,2026Q2,ADM2,fixed,Denkyembour,87046.90726034789,969.6497936248779,1.1139393967493414,0.4233197335508326,5.0,7.0,5.0,81.32726522555153,116.37638315072388,92.014,27.480804205727434,311.0593017867542,11.319148430231328,8.13246784275073,59.62834854812067,100.0,100.0,199.32594279151334
GHA,2026Q2,ADM2,fixed,Dormaa East,74188.8843615115,2740.44677734375,3.6938778644924173,0.258155733619726,4.0,5.0,4.0,40.12059439987345,47.35111569543657,112.152,31.978,97.06863777201534,3.035481824129568,26.351281996006072,36.1359954972087,100.0,100.0,130.13030312063992
GHA,2026Q2,ADM2,fixed,Dormaa Municipal,129312.40985732137,44738.9489440918,34.59756800871249,0.48646010619628954,16.0,65.0,27.0,49.89836809836535,60.46442448977557,55.1325,18.088218844688015,115.890780347498,6.406975796930484,12.631028853905725,46.0,100.0,73.09963111175139,106.8578390661636
GHA,2026Q2,ADM2,fixed,Dormaa West,53977.199072781485,6311.64208984375,11.693163406521506,0.09679291833006641,1.0,9.0,2.0,39.824,39.824,39.824,39.824,39.824,1.0,22.654,42.0,100.0,100.0,141.84227054108305
GHA,2026Q2,ADM2,fixed,East Mamprusi,211361.01638865971,2418.7887001037598,1.1443873337815462,0.1271246707489312,6.0,11.0,7.0,90.85059488099326,91.25954490158037,63.4215,67.19046554953883,151.35522685687724,2.2526295303800894,12.755124737365232,46.23132414973377,100.0,100.0,123.81469857980062
GHA,2026Q2,ADM2,fixed,Effia Kwesimintsim Municipal,205700.08408200744,158773.2598876953,77.18677442270584,15.909771098717515,45.0,869.0,90.0,59.77049966980462,76.5930076034363,58.725,18.232146485547727,185.75061722775826,10.188082756739544,27.788020704383822,35.636692001479915,92.12566262681212,83.42888179118306,1959.3620203992932
GHA,2026Q2,ADM2,fixed,Effutu Municipal,109497.60659348965,19748.306671142578,18.03537747127045,3.4742978882900277,8.0,17.0,9.0,9.613901544352634,26.21246250078617,39.1215,1.353,69.56164954023306,51.41289692552333,3.9220671547214256,42.00722925821271,49.88774061922675,49.88774061922675,1282.958565490062
GHA,2026Q2,ADM2,fixed,Ejisu Municipal,240277.4772057541,59209.349325180054,24.642072163292266,2.7805451771893517,31.0,154.0,43.0,96.92686098172717,140.19006705830878,90.885,24.42394188186614,235.37331827306454,9.63699141651743,20.27175161461955,35.262880485700975,95.95438071066259,92.47826268928941,584.3074006698316
GHA,2026Q2,ADM2,fixed,Ejura-sekyedumase,155714.64187104235,14133.4951171875,9.076535737013343,0.027418873086337763,1.0,14.0,1.0,35.016,35.016,35.016,35.016,35.016,1.0,20.577,31.0,100.0,100.0,116.0995436245779
GHA,2026Q2,ADM2,fixed,Ekumfi,93847.9564707353,7806.9191818237305,8.318688520679904,0.4018664932854532,3.0,8.0,3.0,35.69843932501198,39.85927346194884,37.19,32.989,50.97,1.5450604747036891,16.083233056509457,90.08470002352999,100.0,100.0,339.03737721833147
GHA,2026Q2,ADM2,fixed,Ellembelle,130875.94547974561,18004.04027557373,13.756569405918858,0.6333651969465836,17.0,118.0,20.0,24.36094761245962,25.29628372362506,32.554,4.4248008623636315,59.65010701888262,13.480856850814037,6.322183925109518,51.14396689834385,59.416507726932736,47.41184882160123,131.38139702893858
GHA,2026Q2,ADM2,fixed,Fanteakwa South,58226.09177605107,4126.711853027344,7.087392828801707,0.422921892168434,3.0,9.0,3.0,59.38426095801259,60.734536310947654,59.762,38.928,85.669,2.200703863542951,18.41148931989099,30.06767065860194,100.0,100.0,222.206903415166
GHA,2026Q2,ADM2,fixed,Ga Central Municipal,316204.0693049431,241586.4324645996,76.40206307136953,46.93666204030112,62.0,478.0,107.0,55.72867198174116,85.10480322323143,55.2345,19.5953841008285,141.94678621013918,7.243888942403411,38.161195155098774,11.0,98.44927892562038,83.7217146403418,6463.648682268499
GHA,2026Q2,ADM2,fixed,Ga East,344976.1240386963,316174.4066772461,91.65109833565772,64.43208054759897,149.0,2026.0,370.0,62.068091287560165,91.1449928245322,59.102,27.484876463472357,175.89683945874836,6.399768239545002,46.23193386419164,15.050556120447663,97.66264006093101,90.78126844595091,4029.1389065668495
GHA,2026Q2,ADM2,fixed,Ga North Municipal,343219.15338230133,191339.78204345703,55.74857351574709,21.647048492198138,73.0,575.0,143.0,54.366483952658925,78.13584250747746,54.865,11.859958512689468,132.15067517661444,11.14259169079056,42.255222660602044,11.0,90.95806074146464,86.56519105539667,2748.819411655459
GHA,2026Q2,ADM2,fixed,Ga South Municipal,57004.906331778766,3799.39892578125,6.66503845066961,0.8304636375289,4.0,36.0,5.0,18.711209477065296,30.855225075724483,64.0475,0.706,99.78484642802924,141.33830938814341,10.692611254125818,45.0,44.93383320680992,44.93383320680992,319.607985633341
GHA,2026Q2,ADM2,fixed,Ga West Municipal,343361.34362888336,139061.0136909485,40.499903751905855,12.28793676747195,58.0,446.0,98.0,56.69609541565369,86.30184315174662,49.804,8.823879970980423,236.32591412397758,26.782539529231535,19.675391429196274,27.912527475025165,84.77640274371547,76.25500355515878,1964.6091222948985
GHA,2026Q2,ADM2,fixed,Gomoa Central,40365.72799092543,94.54718780517578,0.23422639082944527,0.3046944144272975,1.0,3.0,1.0,31.614,31.614,31.614,31.614,31.614,1.0,22.461,29.0,100.0,100.0,331.7931472976834
GHA,2026Q2,ADM2,fixed,Gomoa East,474816.47580742976,149775.7824382782,31.543931196486625,3.980503662197119,58.0,262.0,78.0,34.256227879681816,53.135168233450955,34.176,8.919156722227036,117.96331479413428,13.22583720276639,21.008557958017725,23.55228135263521,87.5665067240049,66.05788903112935,879.5384845543506
GHA,2026Q2,ADM2,fixed,Gushegu,167327.76780951032,119.3623046875,0.07133442718448543,0.013561030008211239,1.0,2.0,1.0,43.105,43.105,43.105,43.105,43.105,1.0,16.957,28.0,100.0,100.0,62.53068300958075
GHA,2026Q2,ADM2,fixed,Ho Municipal,197419.35361442092,70690.7540435791,35.80740831602811,1.4810136949561632,23.0,70.0,32.0,16.63531896845331,26.84866760352596,27.308,5.911621480674889,75.00943141913176,12.688469934067642,11.236349150837524,43.07040170560367,69.09284801080689,34.07528269529485,344.51888987306285
GHA,2026Q2,ADM2,fixed,Ho West,96241.41082815992,773.859001159668,0.8040811065637864,0.07357378395929393,2.0,2.0,2.0,25.091089031420466,25.091089031420466,105.865,11.095,176.72308903142044,15.92817386493199,11.06586048688724,26.738424028248417,100.0,7.384240282484154,95.99027509904829
GHA,2026Q2,ADM2,fixed,Hohoe Municipal,160475.01976794563,11706.716247558594,7.295039604598306,0.16144940661925133,3.0,3.0,3.0,162.77586210918932,162.8363502229026,122.281,71.99504717987426,266.907,3.70729668852293,79.969814182019,27.418319072782,100.0,100.0,234.5812978222316
GHA,2026Q2,ADM2,fixed,Jaman North,133726.43344008856,3537.6907272338867,2.645468540682217,0.17787771209651218,5.0,6.0,5.0,75.42955828598548,75.4794827659005,43.711,11.341980779178682,122.75115036747393,10.8227260085661,20.59388354829291,42.49417443790606,97.91639108425026,78.4577915661678,129.67996883147404
GHA,2026Q2,ADM2,fixed,Jaman South Municipal,122078.84623861466,10884.262603759766,8.915764638277663,0.1459604829190823,3.0,6.0,4.0,19.100564041886532,43.649725084331166,22.172,13.866,94.116,6.7875378623972304,16.70469084233422,36.0,100.0,36.80013282957291,161.6618113833846
GHA,2026Q2,ADM2,fixed,Jomoro,136757.30371771654,18434.077041625977,13.479409538284054,0.22332357354756527,9.0,218.0,15.0,41.68406162301913,46.840827238686686,24.437,6.9890097195042085,89.99219959554472,12.876244733843158,16.471858262934123,50.376826659903124,83.14599962259415,47.873744094823245,91.50261084550421
GHA,2026Q2,ADM2,fixed,Juaben Municipal,33498.09395450483,299.194091796875,0.8931675103760324,0.21565044389513563,1.0,1.0,1.0,63.552,63.552,63.552,63.552,63.552,1.0,21.6,29.0,100.0,100.0,195.92584302311437
GHA,2026Q2,ADM2,fixed,Juaboso,111394.14998470565,2512.30517578125,2.255329544797629,0.026973774049458527,1.0,1.0,1.0,5.471,5.471,5.471,5.471,5.471,1.0,5.761,34.0,0.0,0.0,81.34417293716137
GHA,2026Q2,ADM2,fixed,Kadjebi,79591.92337926521,1334.4715576171875,1.6766419266666894,0.10650741304802144,2.0,3.0,2.0,246.94012324872935,246.94012324872932,206.19799999999998,9.441,402.955,42.68138968329625,17.67568739587327,27.81060234133014,60.35341137767127,60.35341137767127,115.49201113551959
GHA,2026Q2,ADM2,fixed,Kasena Nankana East,118697.27771869731,6878.972595214844,5.795392048937666,0.37609056835009447,8.0,28.0,9.0,54.066368933150144,49.29404953050611,45.7245,11.651893042918019,78.90953855636091,6.772250506051621,12.93673622320953,46.34392935126416,88.10123894407712,80.0987128469188,154.7364897315207
GHA,2026Q2,ADM2,fixed,Kasena Nankana West,88466.67859426868,3779.7451705932617,4.272507152583586,0.12394714390046754,3.0,15.0,3.0,30.813973397228505,46.35935594995505,33.41,28.777,87.927,3.0554609584042813,8.602212866007335,108.5160529029401,100.0,100.0,101.39297306804573
GHA,2026Q2,ADM2,fixed,Keta Municipal,130721.48805916647,22357.281244277954,17.10298863348214,0.7162170259295494,10.0,45.0,13.0,5.808546235686791,17.848446988441033,6.33,4.214583437039259,66.94071269690944,15.883114831375893,7.540438377420065,60.77200030563901,30.398613832380043,15.962372725395388,253.04935369318767
GHA,2026Q2,ADM2,fixed,Ketu North,117309.55704411963,8113.3240966796875,6.9161663389695525,0.34945437148300035,4.0,8.0,4.0,14.525343655365372,25.544572322995567,14.2835,9.079670171513573,56.83,6.25903793050739,6.6184467750268805,43.6776172898338,37.17588100438801,32.55822497144635,277.2748338277974
GHA,2026Q2,ADM2,fixed,Ketu South,224085.02709203993,102070.89949035645,45.55007570783932,6.249516363083074,47.0,1106.0,85.0,28.327320263614215,31.387064971988586,26.309,10.25388850624144,48.60681412284239,4.74032988492667,10.730693405458382,32.0,92.48603028879744,56.78559119398642,806.0258471762011
GHA,2026Q2,ADM2,fixed,Kintampo North Municipal,147087.1389952902,7684.357421875,5.224357122155362,0.014992183566845023,2.0,36.0,3.0,114.05369413697062,114.05369413697063,119.3555,106.402,132.309,1.2434822653709516,16.09456102933084,40.113942856721664,100.0,100.0,30.07598193616812
GHA,2026Q2,ADM2,fixed,Kintampo South,113322.3386645478,7839.785339355469,6.918128792384425,0.07269045317332674,3.0,13.0,5.0,16.01834778456395,28.16726946536247,17.455,11.17,106.54811840069331,9.538775147779168,13.338281712606019,33.77141571751216,100.0,12.798219885840423,74.87771913392118
GHA,2026Q2,ADM2,fixed,Komenda-edina-eguafo-abirem Municipal,177853.71157146615,14293.052974700928,8.036409725954814,0.9009209204236966,11.0,116.0,14.0,96.34535958164885,92.92325246444048,63.278,23.49949541545277,168.75327718483757,7.181144709765512,16.675477201908333,50.71692982139792,97.82473277155711,88.21740087566442,392.67021188541906
GHA,2026Q2,ADM2,fixed,Korle Klottey Municipal,78120.88671875,76455.30224609375,97.8679396220211,93.76838992067952,25.0,704.0,208.0,69.20856319167393,88.36214997716472,68.831,38.001547164007995,187.6677784204921,4.938424680725523,51.45823846504558,21.0,100.0,100.0,7910.323936732627
GHA,2026Q2,ADM2,fixed,Kpando Municipal,67382.92546674938,1692.858154296875,2.512295425837854,0.23445033507741286,2.0,29.0,3.0,73.3767646083755,73.37676460837548,78.97800000000001,72.97,82.9895646083755,1.1373107387745032,13.602047386778116,25.406222977738505,100.0,100.0,214.44572324203133
GHA,2026Q2,ADM2,fixed,Kpone Katamanso,491899.73531746864,270524.41146850586,54.99584408068675,24.04588104904348,156.0,1104.0,281.0,60.9342427891093,70.21207744058357,57.6225,24.365369314153074,118.83258927918008,4.877110120803873,41.23344658311541,15.352385625597263,97.75406122234378,89.96732457010935,2048.1095313424235
GHA,2026Q2,ADM2,fixed,Krachi West,66873.03039968983,9374.646196365356,14.018575411245067,0.11857897092306072,3.0,4.0,3.0,57.35879979525772,57.827576952701385,21.805,11.933926962686307,207.46485171507717,17.38445797127429,17.788409141950527,22.575423331702922,99.66127153881106,19.287358094988978,72.0172627273718
GHA,2026Q2,ADM2,fixed,Krowor Municipal,161786.58984375,145476.47412109375,89.91874682666332,79.47438739026836,39.0,303.0,113.0,82.61722523816414,83.0520724863822,80.34,39.78364567463603,126.74370560422624,3.18582431184861,65.5663529637876,8.0,92.98423383264135,91.4116126809037,8902.214796332875
GHA,2026Q2,ADM2,fixed,Kumasi Metropolitan,214510.94982910156,174614.1385498047,81.40103742439152,73.46077931223375,43.0,450.0,151.0,74.16512914044425,101.94601476659348,69.944,29.862037059012,252.20070537491102,8.44552918062902,21.303900375445316,35.0,100.0,92.32703512611197,9935.234375137783
GHA,2026Q2,ADM2,fixed,Kumbungu,118568.21821366061,1048.9313659667969,0.8846648636286467,0.11792031388644124,5.0,7.0,5.0,43.94292167034529,37.56085124923544,49.304,5.389,60.658287077842225,11.255944902178925,13.94528465822177,37.0,70.37202721810758,70.37202721810758,76.89732993317384
GHA,2026Q2,ADM2,fixed,Kwabre East,325593.6176120043,81770.80187988281,25.11437493142925,6.299863309822799,21.0,87.0,27.0,55.60414988726219,67.2972020470722,55.429,11.295549106197527,122.29027112497887,10.826412242135435,18.336252597988537,43.43521953517514,91.27775618752703,86.26091113039537,2648.9884351314868
GHA,2026Q2,ADM2,fixed,Kwadaso Municipal,309334.20275878906,231426.81787109375,74.81449377634922,47.72741976888296,83.0,912.0,172.0,74.58986304347778,107.65896307413158,78.563,23.38209870523334,255.87436980983827,10.943173794427997,29.32284101543219,25.059249924879353,100.0,89.51449083177968,4822.003096673734
GHA,2026Q2,ADM2,fixed,Kwaebibirem,136203.380182311,14218.363525390625,10.439068036607503,0.1380098001031485,3.0,5.0,3.0,63.228854247222536,61.0407214116929,59.891,18.740562909951876,92.442,4.932722695907397,33.38744269337133,37.40931868853704,100.0,85.55197164785574,169.48417846913082
GHA,2026Q2,ADM2,fixed,Kwahu Afram Plains North,75654.70716001205,10433.283203125,13.790659688971212,0.03145500311875637,2.0,2.0,2.0,16.094,16.093999999999998,16.094,13.539,18.649,1.3774281704704927,9.474,34.0,100.0,0.0,32.306754276187945
GHA,2026Q2,ADM2,fixed,Kwahu Afram Plains South,83093.51419599367,3.1006453037261963,0.003731513023282018,0.01190226960126841,1.0,2.0,1.0,212.955,212.955,212.955,212.955,212.955,1.0,20.546,32.0,100.0,100.0,26.831613546023267
GHA,2026Q2,ADM2,fixed,Kwahu East,78126.93406290456,7341.5067138671875,9.39689596414485,0.2960586020972198,5.0,10.0,5.0,95.26922819794612,117.71611398700999,88.603,2.819716818608224,305.5842747462164,108.37410080670756,34.864670423001186,32.756446037275374,81.0768987006626,75.915609464542,125.41017100213556
GHA,2026Q2,ADM2,fixed,Kwahu South,108257.03993330286,516.2408447265625,0.4768658417453667,0.13902727715305602,3.0,5.0,3.0,36.679569766231126,49.27515900128978,41.444,19.723,186.1648856152716,9.438974071656016,32.33009212992949,19.912391070817208,100.0,71.79039203583669,135.98194459465677
GHA,2026Q2,ADM2,fixed,Kwahu West,159456.303893482,45084.4981842041,28.2738888857733,1.5633474473670672,17.0,58.0,20.0,53.77254426125064,79.52516093341666,38.457,13.681767138271468,182.8635904531353,13.36549501282025,13.100283143804694,35.53769013234152,100.0,64.15838983886125,397.3280573458607
GHA,2026Q2,ADM2,fixed,La Dade-kotopon,153037.63705444336,151312.45651245117,98.872708325091,80.95181588809668,79.0,1134.0,395.0,67.86366715268821,88.3874457099362,67.236,19.079039796350553,166.50348732328712,8.72703705744856,46.08168193736044,17.0,96.11584571325476,85.03421618500178,4233.918782275813
GHA,2026Q2,ADM2,fixed,La-nkwantanang-madina,295548.7365579605,262730.92276763916,88.89597222694086,61.938228847605394,119.0,1129.0,319.0,63.95745323823769,80.14632960742698,62.907,32.34676912686981,116.66667532821624,3.6067489420853347,46.82963389003804,15.280863750320474,95.82196617334503,93.46876803955124,4155.349900128072
GHA,2026Q2,ADM2,fixed,Lawra,65745.48896906315,3424.294189453125,5.208409342068233,0.06847921545801511,1.0,1.0,1.0,131.435,131.435,131.435,131.435,131.435,1.0,43.26,47.0,100.0,100.0,124.64948047400529
GHA,2026Q2,ADM2,fixed,Ledzokuku Municipal,211833.88940429688,146766.392578125,69.28371706286009,58.19595375978017,46.0,637.0,171.0,76.73795291803361,100.64292945828755,78.3505,31.122532982776782,130.0042067062228,4.177173071940101,42.989147279590114,18.0,97.26289531627947,97.26289531627947,7236.261082759267
GHA,2026Q2,ADM2,fixed,Lower Manya,127629.16968667669,15842.547424316406,12.412951884909287,0.6074589194740103,5.0,18.0,6.0,20.36414957716466,21.220442617328185,87.982,9.013,83.90680319309388,9.309531032186163,5.415206310364745,91.61563785064405,14.354337408258003,14.354337408258003,419.4306228383846
GHA,2026Q2,ADM2,fixed,Mampong Municipal,130502.90449428857,22205.825927734375,17.01557985531748,0.4396066872217463,8.0,483.0,10.0,53.47890347545451,49.970117979193745,53.1845,20.430461707384666,83.38572142637688,4.081440871022352,12.753799828433161,43.86826487308117,100.0,82.64370945463476,194.72606522137258
GHA,2026Q2,ADM2,fixed,Mfantseman Municipal,154630.0542204097,14740.733581542969,9.532903325851214,0.7395170394733218,6.0,25.0,7.0,67.80006395869493,59.865588897874595,40.3875,15.141525334684383,87.983,5.81070916273271,11.629664982627457,43.67374624534108,100.0,75.33829019662669,513.9281138316262
GHA,2026Q2,ADM2,fixed,Mpohor,57752.866750534304,10160.57798910141,17.59320110115124,0.6361563751505336,9.0,17.0,9.0,20.62323496984788,22.266468946294786,16.406,5.9944878415244425,36.37210221652943,6.067591290214334,12.954084432787173,40.24138876398952,79.50527185508214,6.240488624492175,110.006804824127
GHA,2026Q2,ADM2,fixed,Nabdam,51255.76516924567,443.8866271972656,0.8660228283229399,0.14712162571781062,1.0,22.0,1.0,108.141,108.141,108.141,108.141,108.141,1.0,20.528,46.0,100.0,100.0,209.0165974202371
GHA,2026Q2,ADM2,fixed,Nadowli-kaleo,87590.0387416193,102.47296905517578,0.1169915786399632,0.03197335113018902,1.0,3.0,2.0,49.066,49.065999999999995,49.066,49.066,49.066,1.0,30.717,101.0,100.0,100.0,77.42029432322154
GHA,2026Q2,ADM2,fixed,Nanumba North,170409.660314882,48.87217712402344,0.02867922923719096,0.01612865759851999,1.0,1.0,1.0,477.165,477.165,477.165,477.165,477.165,1.0,49.53,27.0,100.0,100.0,75.39992803255132
GHA,2026Q2,ADM2,fixed,New Juaben North Municipal,98016.65217423439,7122.857147216797,7.266986771344941,1.7553581121048607,5.0,66.0,9.0,36.28575963460321,33.06685076524887,35.414,14.3560319560733,42.40494986546548,2.9538071519495417,13.803327920742404,72.39773243402028,94.08858114849963,81.48351206040273,930.8471829186745
GHA,2026Q2,ADM2,fixed,New Juaben South Municipal,156619.0629901886,72647.72848510742,46.38498475096766,16.357086664037865,24.0,271.0,35.0,81.2203723405508,93.21737941182239,42.5965,9.288932027873997,214.33552242269937,23.07429118649234,18.419385156836007,20.679700483500987,89.56602709725387,72.37859239240606,2886.965231409806
GHA,2026Q2,ADM2,fixed,Ningo/prampram,240639.16459045187,89710.50947380066,37.28009512769071,4.520008039135291,76.0,539.0,139.0,76.36550204761264,80.2937974917925,49.053,12.987804360872667,155.53779581564575,11.975680530284409,25.80662713393904,20.114476734548962,95.7758471412778,78.37745219927757,386.62726432090443
GHA,2026Q2,ADM2,fixed,Nkwanta North,139976.8006211957,1865.77099609375,1.3329144456893878,0.033241053009926975,1.0,1.0,1.0,127.001,127.001,127.001,127.001,127.001,1.0,31.637,21.0,100.0,100.0,127.306947952236
GHA,2026Q2,ADM2,fixed,Nkwanta South Municipal,159231.53915314056,1501.4620361328125,0.9429426130766625,0.026801653467615025,2.0,22.0,3.0,55.9331797738321,55.933179773832094,57.825,36.283,79.367,2.1874431551966484,16.04562580401573,32.368269875626595,100.0,100.0,58.28020256636838
GHA,2026Q2,ADM2,fixed,North Tongu,126588.05608068481,1809.3386459350586,1.4293122921342758,0.1306822717487393,4.0,173.0,10.0,13.225449589116305,15.102807982601659,32.616,8.205197906475988,47.388808647554534,5.775461992227234,6.836519803635051,51.70140464670224,93.00648585883998,5.614293873252248,111.86834633879279
GHA,2026Q2,ADM2,fixed,Nsawam Adoagyiri,174942.65479278608,26546.141525268555,15.174196113984666,2.1110851350874147,10.0,49.0,11.0,18.800028701355657,43.037050285437864,55.6165,9.236154006639126,110.72994484838375,11.988750379085161,17.168225663329416,113.23255445692016,92.86124676835824,36.93702768993189,997.862150569556
GHA,2026Q2,ADM2,fixed,Nzema East,103215.16032668362,5265.065216064453,5.101058022290652,0.4104933871498947,12.0,204.0,12.0,89.51074889562538,77.56535381835141,57.346000000000004,32.29930506209453,153.2584258914203,4.744944994846953,20.157160647048503,49.167452732191066,100.0,92.12389033770741,95.1893347175824
GHA,2026Q2,ADM2,fixed,Obuasi East,51153.72437825799,21038.023193359375,41.127060539703784,1.9698143847489693,4.0,7.0,4.0,162.0816065700327,118.94780934449709,85.772,4.876,181.107,37.142534864643146,14.765716604530951,43.43245254438486,78.36620990711538,66.59832562514141,681.6377282814346
GHA,2026Q2,ADM2,fixed,Obuasi Municipal,176287.84273445833,86946.90812683105,49.32098934229902,7.10030139793452,28.0,132.0,43.0,57.224097022785315,62.90519116034546,36.5945,12.259876567039038,144.23084909901584,11.764461763569775,15.282988957469472,40.49700537488194,100.0,63.958967482690795,1209.620954881114
GHA,2026Q2,ADM2,fixed,Oforikrom Municipal,235202.60426330566,175168.4832763672,74.47557131649307,46.507077790040285,57.0,1155.0,155.0,75.48050696724864,124.14120933486588,74.381,34.402342020133304,322.32499835302065,9.369274864030658,31.58721610779542,26.0,99.79689429305057,94.9011008697118,5202.407585039224
GHA,2026Q2,ADM2,fixed,Okaikwei North Municipal,163078.9176940918,161051.36015319824,98.7567016205633,54.4853845955446,33.0,543.0,133.0,60.601977022795495,74.39650078126361,64.99,39.12001669775641,115.00190004645368,2.9397201165573428,54.676177150136645,10.927174684680478,100.0,98.29444524985976,7270.351079827497
GHA,2026Q2,ADM2,fixed,Okere,59562.65666031993,1402.1605463027954,2.354093361381077,0.3613468124707459,3.0,3.0,3.0,5.959435663639183,6.199293100570059,6.045,5.743,65.39111830682155,11.38622989845404,6.6849604863763235,166.71078749511884,0.2934805460961258,0.2934805460961258,194.01778208078585
GHA,2026Q2,ADM2,fixed,Old Tafo Municipal,320417.47509765625,203389.4248046875,63.476383347287424,41.688547945929024,33.0,202.0,48.0,63.963140345504684,125.86217308982286,55.846,12.800197015401348,257.62828991394326,20.12690035973367,45.6181827466276,27.031747612828845,95.14595513530342,76.46949840098551,10976.118918529357
GHA,2026Q2,ADM2,fixed,Prestea/huni Valley,260085.84018963727,79899.90766811371,30.720591174766,0.9008869810305727,44.0,353.0,64.0,60.27290495237669,77.83677521114372,61.9965,22.271240483537447,141.15290149989124,6.337900289129798,13.941880414427954,39.19370311615538,99.79618706149657,80.74014235150597,143.69429790817193
GHA,2026Q2,ADM2,fixed,Pusiga,89232.61678266525,14649.182891845703,16.41684780748414,1.5476283696109783,11.0,22.0,15.0,28.08301225204747,61.867637634848464,36.581,15.953484885362705,151.63858815394883,9.505044775080895,10.079538832294958,59.21901968850907,100.0,52.74874814963842,348.5991998122735
GHA,2026Q2,ADM2,fixed,Sagnerigu,330287.64540326595,73524.7212524414,22.260814861140542,4.888450479717175,27.0,81.0,32.0,67.80630557878905,94.10760115292253,84.009,8.878482737461121,170.3319290232041,19.18480150944259,14.44230590411248,40.997728165257215,81.45831728559683,78.80417738415343,1643.5881186849526
GHA,2026Q2,ADM2,fixed,Sefwi Akontombra,76293.2467601663,1085.5932922363281,1.4229218683653277,0.09908235590483518,3.0,16.0,3.0,91.601494163657,88.50291073873714,83.887,10.632,153.806,14.466328066215201,18.61105763853106,49.66200839517072,100.0,71.95977501974055,68.13590830039992
GHA,2026Q2,ADM2,fixed,Sefwi-wiawso,169851.2381299967,15198.33712387085,8.948028457843039,0.32887080211787634,9.0,78.0,12.0,62.06698610086083,75.567020641614,57.623,22.325664492552992,144.541,6.474208194260623,16.52027858924377,37.44457445715169,97.11871207617139,88.29931370050859,167.963166954194
GHA,2026Q2,ADM2,fixed,Sekondi Takoradi Metropolis,257274.64646935568,118999.84594726562,46.25401203745891,16.23784266822305,38.0,413.0,85.0,89.19507031454327,98.01297075371228,76.4065,10.015554420834276,191.47506767051684,19.11777018276811,18.095932242167784,38.0,89.48219061518408,85.3223074829608,2961.888257960304
GHA,2026Q2,ADM2,fixed,Sekyere Central,80517.48608749601,5758.07511138916,7.151334935037623,0.045153614152635725,2.0,42.0,3.0,37.78694693550916,37.78694693550916,27.1785,20.614946935509156,37.911,1.839005461357675,13.417962392081895,37.05201386351818,100.0,99.4220681831314,49.34447658962881
GHA,2026Q2,ADM2,fixed,Sekyere East,84627.77891755658,4123.077880859375,4.872014761105842,0.30778880522982466,2.0,3.0,2.0,45.985102237270006,45.985102237270006,42.053,30.829,53.277,1.7281455772162575,18.121058684246037,36.10197910046508,100.0,100.0,353.31397216870164
GHA,2026Q2,ADM2,fixed,Sekyere South,136413.98847782717,259.6310119628906,0.19032579785986628,0.08823425045966836,1.0,1.0,1.0,307.085,307.085,307.085,307.085,307.085,1.0,29.091,43.0,100.0,100.0,326.79727711603346
GHA,2026Q2,ADM2,fixed,Sene West,80690.23997416094,1502.0511474609375,1.861502888009668,0.011251857405500358,1.0,1.0,1.0,266.246,266.246,266.246,266.246,266.246,1.0,58.741,28.0,100.0,100.0,24.727874136445564
GHA,2026Q2,ADM2,fixed,Shai Osudoku,119065.99163342784,10841.049855947495,9.105076695051741,0.7633855509247333,20.0,69.0,25.0,32.44247537551417,37.36931309644887,29.9595,19.442906200490167,50.24709299385885,2.584340657498625,18.399832438626852,37.7106581109956,96.77135971514194,56.96222950312864,122.84603906502159
GHA,2026Q2,ADM2,fixed,Shama,118860.79206824658,2182.5907592773438,1.8362579630330584,0.5753870858867953,3.0,3.0,3.0,43.71928960985467,46.61074471458225,19.144,14.030027308070942,64.529,4.599349565262707,31.583990051401017,9.082969686453879,100.0,62.69983078933814,614.3137740644428
GHA,2026Q2,ADM2,fixed,Sissala East,90925.25676369862,4397.423904418945,4.836306281594787,0.02830496494569274,4.0,8.0,4.0,34.426561892072655,49.75202744250571,35.955,19.842188569921692,118.25146765813577,5.9595980171960665,6.106660721591469,64.2606579849785,100.0,98.97209501052974,17.848689465811944
GHA,2026Q2,ADM2,fixed,Sissala West,69077.72563632668,642.2682495117188,0.9297761957205521,0.017576989601693863,1.0,1.0,1.0,73.412,73.412,73.412,73.412,73.412,1.0,18.106,41.0,100.0,100.0,33.68380077697477
GHA,2026Q2,ADM2,fixed,South Dayi,63258.68815578786,498.44757080078125,0.7879511658117997,0.10312360760388183,1.0,3.0,1.0,11.444,11.443999999999999,11.444,11.444,11.444,1.0,24.097,24.0,100.0,0.0,176.73285899328172
GHA,2026Q2,ADM2,fixed,South Tongu,123880.87995755265,12477.37353515625,10.072073704539052,0.34509839042176854,6.0,26.0,7.0,187.36381733830183,194.58930126699846,240.54700000000003,8.460999148249813,382.655,45.225746190880244,28.549723474032586,33.97879698312987,88.60943936761156,88.60943936761156,192.64920605125917
GHA,2026Q2,ADM2,fixed,Suaman,43997.45029020478,9534.384855270386,21.670312239418656,0.6484352489634445,7.0,60.0,8.0,19.336450940225042,25.230223157686304,15.956,9.419494005758233,52.953,5.621639545354484,10.422272493307183,57.347701368388606,93.12755607670852,24.39910829253269,110.26113427314014
GHA,2026Q2,ADM2,fixed,Suame Municipal,203099.41258239746,100423.91796875,49.445695923915096,24.09384281731461,18.0,193.0,23.0,106.82632421628574,158.3687020564701,111.566,7.426814010334474,363.3373528480896,48.922371334801525,22.908241040136392,36.90119710978254,84.32131978535708,80.5266278355829,7371.672877832975
GHA,2026Q2,ADM2,fixed,Suhum Municipal,143679.6402773857,18940.65606689453,13.18256089055345,0.30876283084737016,3.0,7.0,3.0,56.123501737757834,56.0401464417693,95.273,17.437,113.43767208839357,6.5055727526749765,16.774729077745775,26.651190731585217,100.0,49.244009583553925,399.87611410908477
GHA,2026Q2,ADM2,fixed,Sunyani Municipal,215115.25360435274,114278.43361663818,53.12428184512798,3.7005091526342393,51.0,456.0,77.0,78.8697983492034,94.6568147676134,71.155,11.767013187657419,201.65194961105874,17.13705478146096,17.22582070154978,37.0,89.43497191847659,82.38715014933142,424.3199172159764
GHA,2026Q2,ADM2,fixed,Sunyani West,157214.97313589873,31837.894454956055,20.2511846167699,0.8334438461603093,24.0,89.0,33.0,84.36391500454741,88.84532532580211,92.72,14.300406319542965,162.86844672436166,11.389078260090086,18.926029497318883,39.248999289891486,99.57487783806232,81.87507342227046,148.4461947309295
GHA,2026Q2,ADM2,fixed,Tain,127579.66788771928,1587.7083740234375,1.2444838588392886,0.020058636537638404,1.0,1.0,1.0,47.83,47.83,47.83,47.83,47.83,1.0,5.529,79.0,100.0,100.0,69.73852360517523
GHA,2026Q2,ADM2,fixed,Talensi,97383.28651392147,4947.72774887085,5.080674442183202,0.34446351332994335,8.0,35.0,11.0,22.831447257842054,34.45918244738805,105.902,5.095687803684275,131.01813203847968,25.711569681280547,10.780028660437011,40.43837194568857,23.218403906632094,23.218403906632094,116.12113584406995
GHA,2026Q2,ADM2,fixed,Tamale Metropolitan,483554.8740793482,114093.10586166382,23.594655328185542,1.4066159325788095,25.0,89.0,32.0,49.764312174442196,81.1175510559692,74.232,17.527865305978114,199.0109318950442,11.353974281578306,12.691985808628916,41.83514345711182,98.5391588561403,67.04583589543394,747.5164132668848
GHA,2026Q2,ADM2,fixed,Tano North Municipal,105678.39595753425,23999.698501586914,22.710127537544135,0.703659222807455,16.0,140.0,18.0,134.96905415439647,129.86879182442644,121.7995,81.21659695834849,170.95819361637453,2.104966226349641,19.165562961831395,41.641212960787435,91.21447264783544,91.00096139144651,126.2757868756738
GHA,2026Q2,ADM2,fixed,Tano South Municipal,99595.05815076959,1276.5263977050781,1.2817166046257429,0.07523195026383996,1.0,2.0,1.0,150.932,150.932,150.932,150.932,150.932,1.0,14.642,36.0,100.0,100.0,203.4814680331875
GHA,2026Q2,ADM2,fixed,Tarkwa Nsuaem,244985.24483084126,115212.53148269653,47.0283553453389,2.3750927064257064,58.0,543.0,142.0,24.195619959751067,62.245754260338124,45.3965,5.450906187736937,192.7051165728228,35.35285876068774,12.662188610619184,44.0,70.70301009754732,48.4444921934028,270.58178573965455
GHA,2026Q2,ADM2,fixed,Techiman Municipal,289311.38668591226,66343.84045410156,22.931638195812535,0.9058139408611064,16.0,67.0,18.0,23.722117165647063,76.13641968326398,26.5915,4.4150183717625,215.30449080774665,48.76638615702881,14.90200107349377,48.502210047174394,70.24302335398471,47.40438114825075,445.78897041252185
GHA,2026Q2,ADM2,fixed,Techiman North,109609.78134781253,22288.25390625,20.334183347675115,0.09434438970268012,1.0,1.0,1.0,20.036,20.036,20.036,20.036,20.036,1.0,13.284,49.0,100.0,0.0,281.52545058355366
GHA,2026Q2,ADM2,fixed,Tema Metropolitan,211665.53555202484,163700.1026611328,77.33904446664029,49.488280957325976,57.0,643.0,139.0,65.75691866062296,197.559617569872,63.744,24.087392881202362,669.5163790727923,27.79530281150844,38.816599550135685,18.0,98.07584785279757,86.11745164005512,4962.7338439318055
GHA,2026Q2,ADM2,fixed,Tema West Municipal,200819.11225891113,180459.57403564453,89.86175270159667,75.39240695776326,92.0,1304.0,364.0,86.20340371099239,93.21284883827258,77.883,38.36564826003477,147.23661714649364,3.8377200392536834,67.97671738802278,8.283593481775627,100.0,93.3760905349696,4444.160121180817
GHA,2026Q2,ADM2,fixed,Tolon,138643.7722562311,914.1204833984375,0.6593303604788162,0.02686722558046425,1.0,11.0,1.0,59.725,59.725,59.725,59.725,59.725,1.0,39.207,31.0,100.0,100.0,102.35585005862447
GHA,2026Q2,ADM2,fixed,Twifo Atti-morkwa,113707.86597771474,12836.694599151611,11.289187857652202,0.19385367256477365,5.0,11.0,6.0,62.38878004344498,74.87217202449088,91.0,28.20261394150616,191.52528420839326,6.791047262697979,12.37600894233885,33.253529183625886,100.0,100.0,119.0299020204961
GHA,2026Q2,ADM2,fixed,Upper Denkyira East Municipal,109829.15217690312,35828.09279632568,32.62166017508443,0.8839568009672475,12.0,70.0,16.0,50.71096513093689,79.71904059091493,37.05,8.14887561328276,179.28713658497213,22.00145702220955,12.724027211481532,43.853776273496024,79.46355520616127,78.88936409129131,218.67012684538074
GHA,2026Q2,ADM2,fixed,Upper Denkyira West,109511.66897918352,21324.679801940918,19.472518317654725,0.7670168476298722,12.0,69.0,20.0,44.334649895621446,52.60934562451041,41.4905,23.19452611482602,87.43199273833889,3.7695097673261824,17.235831111424258,36.32826889933174,94.45083410911309,93.9356895480603,189.3396796818328
GHA,2026Q2,ADM2,fixed,Upper Manya,80684.28585441329,4782.1690673828125,5.927014184660142,0.08596475950589805,2.0,3.0,2.0,18.34185161458828,18.341851614588283,23.781,15.473,31.63465161458828,2.0445066641626237,10.353982779428454,51.45311942054439,100.0,17.26559710272196,93.91014419114094
GHA,2026Q2,ADM2,fixed,Upper West Akim,99270.49397278087,365.9906311035156,0.36868017520278196,0.21639707551414722,2.0,10.0,2.0,68.63729804354803,68.63729804354803,66.995,65.25969804354803,69.106,1.0589383964646193,6.405125683859315,38.110142009597276,100.0,100.0,290.1947800563152
GHA,2026Q2,ADM2,fixed,Wa Municipal,224452.55155515936,50016.33825683594,22.283702239198824,0.6255394782591176,10.0,15.0,10.0,108.12011825620186,98.77142908049946,130.8955,17.530815443321814,200.10072046816327,11.414227770242691,23.081268378315876,44.44993718506595,100.0,61.576090750209275,387.2935450096779
GHA,2026Q2,ADM2,fixed,Wassa Amenfi Central,150567.51234871498,2843.4458923339844,1.8884856686404912,0.16043710029558117,8.0,38.0,9.0,21.753247211663357,31.40256621713872,38.376000000000005,5.231,94.03061584553362,17.97564822128343,2.5332877242715863,46.5934351144921,58.793605965438765,40.44932367692351,81.56755286142793
GHA,2026Q2,ADM2,fixed,Wassa Amenfi East,184237.89810056976,17702.99216079712,9.608767980588665,0.45120079919880995,19.0,194.0,27.0,145.39084516297314,117.17394741165056,57.012,22.890486329847644,166.2218621779148,7.261613396180786,17.117915848520376,45.45355253561317,100.0,89.34693114795068,118.21276145463601
GHA,2026Q2,ADM2,fixed,Wassa Amenfi West,148412.99637794914,15145.23989868164,10.204793561416086,0.1533696909964589,6.0,15.0,6.0,88.49577393433506,73.10179042605937,63.272000000000006,19.529,110.825,5.674893747759742,15.499212135229996,37.506499793351594,100.0,75.28254845068358,102.50127675394522
GHA,2026Q2,ADM2,fixed,Wassa East,113846.19497415713,2662.0530433654785,2.3382889906595117,0.06734777834656336,3.0,3.0,3.0,45.686485287895906,47.64499346235105,22.74,10.453441397132401,180.26940151108218,17.244981309268532,11.35506029880587,37.50960145584593,98.45766737604053,15.182390920715344,68.92729028804267
GHA,2026Q2,ADM2,fixed,Weija Gbawe Municipal,546128.7949826717,436349.02911376953,79.89855746896015,37.544769198015416,166.0,1867.0,386.0,60.300924640563515,72.05235655344582,60.051,18.44522042889801,122.60859512286537,6.647174296208206,49.13426316962986,11.416816557054,95.82788911060997,84.58520259281508,3334.485356742781
GHA,2026Q2,ADM2,fixed,Wenchi Municipal,140143.79518160844,29028.078468322754,20.71306719695016,0.19233872597968787,6.0,114.0,14.0,41.60503236761703,49.57003282964431,48.290000000000006,23.582,117.9266760370804,5.0007071510932235,12.01866488016722,52.32822050001628,100.0,47.27855487355733,122.37886372721213
GHA,2026Q2,ADM2,fixed,West Akim,140686.0038569025,21406.80908203125,15.216019003429077,0.38920975030036764,5.0,85.0,7.0,76.26824553232056,55.66412634382611,76.109,11.9,86.23212473223342,7.2463970363221355,17.02174222648401,34.037815665905306,100.0,67.27556271625662,295.9754832731497
GHA,2026Q2,ADM2,fixed,West Gonja,73823.72231832096,1154.5846779346466,1.5639751582237833,0.02317190985428866,3.0,8.0,4.0,58.94329799730926,58.90166311514966,37.441,41.22773938046823,59.538,1.4441247784787907,16.544868591409962,36.13571221267724,100.0,99.7857328822533,15.651475122888655
GHA,2026Q2,ADM2,fixed,West Mamprusi Municipal,198848.39905669197,7664.4501953125,3.854418859629518,0.013854777186297892,1.0,1.0,1.0,137.885,137.885,137.885,137.885,137.885,1.0,0.869,26.0,100.0,100.0,76.13748956325045
GHA,2026Q2,ADM2,fixed,Yendi Municipal,172244.46895001136,14458.0205078125,8.393895372053134,0.05029779311218306,2.0,3.0,2.0,138.92398129937473,138.92398129937476,146.86,134.797,158.22478129937474,1.1738004651392446,26.26510606583054,26.88165440989481,100.0,100.0,119.05544194104357
GHA,2026Q2,ADM2,fixed,Yilo Krobo,144537.61252296384,14557.269317626953,10.071613238605366,0.535132164320559,7.0,25.0,9.0,20.11965180131806,30.64367165741128,24.946,0.301,86.79205914702146,288.3457114518986,15.873054080374208,25.159181148379062,58.534539708467534,16.102442935299763,298.8719396825933
GHA,2026Q2,ADM2,mobile,Ablekuma Central Municipal,237801.27514648438,150560.38940429688,63.31353324810914,41.56446902761431,16.0,140.0,21.0,12.260757530902081,27.78584896067663,17.127,9.176892542479644,65.6244477203781,7.151053302259332,16.377448058849893,21.78909850949406,79.72802255575179,33.14354319976769,16676.9198991051
GHA,2026Q2,ADM2,mobile,Ablekuma North Municipal,381707.9528808594,300818.7370605469,78.80861134544921,57.81537076655656,46.0,177.0,82.0,27.760906408377924,36.410630830311696,18.808500000000002,3.146512396837656,82.22409795271423,26.13182075346407,18.435666376498126,19.0,60.71081619900824,50.631354179192215,12952.59301386611
GHA,2026Q2,ADM2,mobile,Ablekuma West Municipal,208693.849609375,200423.8564453125,96.03726071489795,68.82847074348906,24.0,97.0,35.0,16.97101159167057,26.89155972890518,13.907,3.0936237209134303,57.69383522802127,18.64927361333603,17.660240912083907,23.52978315783795,79.8959906064047,42.15590542864312,16156.158836842162
GHA,2026Q2,ADM2,mobile,Abuakwa North,99298.51399064064,15621.1689453125,15.731523380888529,0.927720245511851,4.0,5.0,4.0,43.582969157602896,41.998979925077876,50.3995,7.869,73.50839761881552,9.341517043946565,5.895464266751211,42.2025918539307,77.51364756496233,77.51364756496233,623.2311608534116
GHA,2026Q2,ADM2,mobile,Abuakwa South,84870.20078420764,1715.5275268554688,2.021354387056768,0.3173497395401229,3.0,3.0,3.0,1.9080284668573815,8.596158414659758,1.914,0.34,29.422,86.53529411764706,6.7719655757240425,31.616823607970808,25.78310442344619,25.78310442344619,242.90727752372342
GHA,2026Q2,ADM2,mobile,Abura-asebu-kwamankese,142420.97097572783,12330.610595703125,8.657861627558049,0.19673900668149852,2.0,3.0,2.0,24.961755836974454,24.961755836974454,28.380000000000003,13.084,43.676,3.3381228981962705,9.734152385442808,26.611736537755803,100.0,38.82634622441963,377.69349040507103
GHA,2026Q2,ADM2,mobile,Accra Metropolis,94748.21484375,94748.21484375,100.0,71.73325271649958,11.0,104.0,35.0,37.082420171836006,43.764642411883486,32.499,12.09724979195646,75.59324542946278,6.248795943663595,25.21660851001488,17.376133600418648,88.51049405017582,79.3544385187519,16679.76577360655
GHA,2026Q2,ADM2,mobile,Ada East,87563.96504426826,11591.659698486328,13.237933769474834,0.8928608261770893,7.0,22.0,9.0,75.22190306495949,71.70417766122468,65.859,1.506,137.355,91.20517928286851,16.479561936594475,21.115136992516337,76.41143710354302,67.94642117513474,301.8065436793984
GHA,2026Q2,ADM2,mobile,Adaklu,46132.29263718995,725.27880859375,1.5721716115384652,0.04608635359427264,1.0,1.0,1.0,31.87,31.87,31.87,31.87,31.87,1.0,28.036,22.0,100.0,100.0,57.61304302898883
GHA,2026Q2,ADM2,mobile,Adansi Akrofuom,59373.7019757085,636.0855712890625,1.0713254355426642,0.06505531738649126,1.0,1.0,1.0,14.004,14.004000000000001,14.004,14.004,14.004,1.0,7.123,25.0,100.0,0.0,104.43481123566268
GHA,2026Q2,ADM2,mobile,Adansi Asokwa,65480.32577741589,988.30615234375,1.509317708197194,0.12396228788435167,2.0,36.0,2.0,59.8002893174999,59.80028931749991,59.7515,59.536,59.967,1.007239317387799,27.133280243370844,23.320798364270466,100.0,100.0,109.83312174245555
GHA,2026Q2,ADM2,mobile,Adansi North,75828.79565078313,13996.080871582031,18.45747483058896,1.8629348183226766,13.0,77.0,14.0,50.43930332336364,43.300304880192336,53.922,5.312415509960972,64.1096445070164,12.06788971736275,38.19918332540958,29.00097013806602,77.32211752968357,70.4357179822098,294.10330173896756
GHA,2026Q2,ADM2,mobile,Adenta Municipal,247308.80097961426,189315.41049194336,76.55021161480973,39.02487208463748,82.0,225.0,107.0,16.81922143728007,36.1954808218974,15.620000000000001,1.6209311009283265,93.01088033136826,57.38114363904784,15.902466694289133,23.0,65.96480952778055,42.768505193882895,3178.8925596751633
GHA,2026Q2,ADM2,mobile,Afigya Kwabre South,278803.2451233864,66465.89916992188,23.83971504367064,2.9740898825486943,18.0,64.0,20.0,25.22755138594178,25.783644289403142,23.4635,4.294751502149627,53.68739732483039,12.500699353142679,23.339664914473136,30.426429960405525,73.18336669069863,55.27716471942392,1249.3948357689765
GHA,2026Q2,ADM2,mobile,Agona East,119309.4524604394,10882.82958984375,9.121514989310906,0.2261853091523542,2.0,2.0,2.0,34.005191667681785,34.00519166768179,33.056,16.755,49.357,2.9458072217248583,21.132860333986372,19.354427386712196,100.0,52.91145226575604,364.25002547503914
GHA,2026Q2,ADM2,mobile,Agona West Municipal,151494.2023535356,16905.13836669922,11.158934206108043,0.31203288562277176,3.0,17.0,5.0,10.010796532312225,9.855578086419005,16.185,0.597,23.473320932737362,39.31879553222339,20.71472250632061,22.549191385059487,52.09437293394971,0.0,425.3424095358538
GHA,2026Q2,ADM2,mobile,Agotime Ziope,44401.0204962306,5005.30419921875,11.272948556764979,0.11706860813877153,1.0,1.0,1.0,8.104,8.104,8.104,8.104,8.104,1.0,4.066,39.0,0.0,0.0,140.8410521009737
GHA,2026Q2,ADM2,mobile,Ahafo Ano North,101384.9484910965,10901.186767578125,10.752273320467737,0.24820365830749017,4.0,9.0,6.0,3.639910823373203,10.038068085322385,11.7995,1.531,42.15386625065137,27.533550784226893,16.18712717962904,32.0,22.466381184620968,8.442807471887525,170.75668178970258
GHA,2026Q2,ADM2,mobile,Ahafo Ano South East,106333.25158736215,7835.589141845703,7.368898274880718,0.32209975461230833,6.0,6.0,6.0,9.887148214821034,15.556249658815958,9.687000000000001,0.322,51.914380057906094,161.22478278852824,4.571819133223959,40.25606104708786,65.8114186243753,16.675432881302733,154.87033021382373
GHA,2026Q2,ADM2,mobile,Ahanta West Municipal,164402.04205035346,50193.702865600586,30.531070198159178,1.3380404311688283,20.0,86.0,22.0,6.488549712398817,24.577438454268524,12.4555,1.0672461117194207,78.76498188730793,73.80207903536991,10.016453929330812,31.0,35.85999264282205,17.689209704255806,296.30216723425605
GHA,2026Q2,ADM2,mobile,Ajumako-enyan-essiam,135410.22471973274,9194.972412109375,6.790456504404156,0.2844858689383371,4.0,14.0,5.0,5.562007249969199,14.598393859020433,8.7755,0.6961013303063786,59.428463662792495,85.37329419645836,4.113335101897439,60.31303020279187,28.959767708061207,15.803473190265347,259.8265192598569
GHA,2026Q2,ADM2,mobile,Akatsi South,106540.65971291321,1071.310546875,1.0055414991438731,0.06897944867074668,1.0,1.0,1.0,31.2,31.2,31.2,31.2,31.2,1.0,30.191,23.0,100.0,100.0,198.8153404400492
GHA,2026Q2,ADM2,mobile,Akwapem North,109673.40413821004,19143.8505859375,17.45532632671134,0.9647385445572852,8.0,10.0,8.0,3.908997676610105,22.798017160045042,2.073,0.2891787131404084,94.29756753972329,326.0875135506183,6.5768096162453,36.70319058951519,45.05574519763328,17.46412071475914,357.527559449738
GHA,2026Q2,ADM2,mobile,Akwapem South,64079.35330438614,11451.047850131989,17.87010520492906,1.9829281269989565,12.0,21.0,13.0,8.026553904563535,12.626789843136649,9.0125,0.9190723098736457,23.67508268703867,25.759760611538308,3.241553726597087,37.02564856626192,48.61553715653744,11.97676737097051,286.1124910998766
GHA,2026Q2,ADM2,mobile,Akyem Mansa,102748.03966139634,4572.60986328125,4.4503134836929,0.06041672804739556,1.0,1.0,1.0,185.675,185.675,185.675,185.675,185.675,1.0,3.692,32.0,100.0,100.0,167.94356823239605
GHA,2026Q2,ADM2,mobile,Amansie Central,100211.30482827101,13117.512268066406,13.089852777134753,0.13030328964282145,3.0,9.0,3.0,17.0269458845926,16.710776266781213,15.132,3.61245617145554,23.822,6.594405265933394,8.547727013319253,25.114898261565948,95.96616738024572,0.0,117.82488637090195
GHA,2026Q2,ADM2,mobile,Amansie South,101144.51687413912,115.44105529785156,0.11413476366840783,0.06224020249350097,1.0,1.0,1.0,12.029,12.028999999999998,12.029,12.029,12.029,1.0,1.894,26.0,100.0,0.0,170.45485743784195
GHA,2026Q2,ADM2,mobile,Amansie West,146274.49411352514,22271.64614868164,15.225925943997035,0.5209649873332065,9.0,21.0,12.0,14.322389552534275,21.570737430951393,10.139,2.7314782847477135,54.96328049800725,20.122173697999507,34.26898197250995,27.967739179468328,73.90923757335189,25.587621760744224,229.3792381439974
GHA,2026Q2,ADM2,mobile,Anloga,61989.148557764536,1805.0608177185059,2.9118980655726565,0.47018091695031883,3.0,7.0,4.0,50.973220938984824,51.13343835647939,1.551,1.0192945050056053,114.996,112.81920920329853,16.076059961032605,61.626093326068265,43.70797696464571,43.70797696464571,262.50980097138046
GHA,2026Q2,ADM2,mobile,Aowin,148238.9850644222,2601.0029296875,1.7546011452770993,0.014186857213422568,1.0,1.0,1.0,48.053,48.053,48.053,48.053,48.053,1.0,13.927,30.0,100.0,100.0,56.82545636608644
GHA,2026Q2,ADM2,mobile,Asante Akim Central Municipal,104231.29582291876,14584.05200958252,13.992008728702501,0.245945033131354,2.0,2.0,2.0,11.072492632043378,11.072492632043376,24.812,1.031,48.593,47.13191076624637,13.887478652696569,30.788875727849053,21.112427215094776,21.112427215094776,347.4162941764415
GHA,2026Q2,ADM2,mobile,Asante Akim North,96580.67443526814,18582.471557617188,19.240362180398556,0.19631772138304812,6.0,47.0,7.0,7.9344172187083615,7.657779485300586,7.2620000000000005,3.874733955995702,12.093259981139806,3.12105556626072,16.391782396403684,32.736884231594566,6.410533668837086,0.0,85.7102769930155
GHA,2026Q2,ADM2,mobile,Asante Akim South,135154.8902855279,2226.8832511901855,1.647652738636151,0.031973226843394986,1.0,1.0,1.0,122.93,122.93,122.93,122.93,122.93,1.0,27.877,28.0,100.0,100.0,117.11158630599665
GHA,2026Q2,ADM2,mobile,Asene Akroso Manso,84845.83483035327,6428.027374267578,7.576126025656095,0.17651915278250202,2.0,10.0,2.0,33.599582455631094,33.599582455631094,34.5465,33.503,35.269182455631096,1.0527171434089813,7.284925552063272,52.02815928689364,100.0,100.0,202.40767142611634
GHA,2026Q2,ADM2,mobile,Ashaiman Municipal,228299.62231445312,121802.54663085938,53.352057877297824,28.0132045430089,14.0,30.0,18.0,8.571964546827491,29.3122778557145,18.2325,0.7947576509123572,69.83377167088223,87.86800805341757,3.7722777314237947,32.0,46.093353594868766,31.6449266933977,12338.080261027791
GHA,2026Q2,ADM2,mobile,Asokore Mampong Municipal,195187.81048583984,92755.73550415039,47.521274649924656,26.177505871937413,17.0,64.0,29.0,17.235940656069392,24.76703632678124,21.165,8.057561012161981,43.739914115045146,5.428431016411128,13.397848600726121,26.0,70.40090216127905,36.98684940092574,8149.138976372384
GHA,2026Q2,ADM2,mobile,Asokwa  Municipal,130537.91119384766,68866.95458984375,52.75628662969559,25.03383193719583,18.0,139.0,28.0,20.155147127244884,43.17030973866976,31.427,2.2468738765612484,126.47848322075659,56.29086907820874,27.215036533519488,24.397546218529037,70.85769015025375,43.96469962576895,4921.215731170823
GHA,2026Q2,ADM2,mobile,Assin Fosu,91444.15325105692,11944.468322753906,13.062036115049105,0.6641748105555183,5.0,13.0,5.0,19.21960936858621,27.452546226853045,29.305,3.111,81.41768287952675,26.170904172139746,18.59569796537696,35.608060116873915,48.64956350204789,48.64956350204789,328.1031745287205
GHA,2026Q2,ADM2,mobile,Assin North,102176.3131567619,4149.14306640625,4.060768037343951,0.05095241151822581,1.0,1.0,1.0,11.498,11.498,11.498,11.498,11.498,1.0,5.347,20.0,100.0,0.0,140.69722561242114
GHA,2026Q2,ADM2,mobile,Asunafo North Municipal,169545.44895879537,13402.27099609375,7.90482497666505,0.07831588294365285,3.0,10.0,3.0,2.301,7.361906030293591,2.301,0.544,21.419,39.37316176470588,14.909718315119155,59.4167578976122,29.151005300925014,0.0,120.08482417783951
GHA,2026Q2,ADM2,mobile,Asuogyaman,113451.2988795459,19477.166259765625,17.167865376706725,0.5789257178694104,12.0,24.0,13.0,13.480637688457879,30.09500198541184,11.687999999999999,1.0052932079922643,97.78338484057826,97.2685223208339,9.338342134400747,27.908525180398513,57.96417364995191,33.05728429397238,148.15238493164173
GHA,2026Q2,ADM2,mobile,Asutifi North,84256.43084952437,2931.4258422851562,3.4791716344126438,0.11808744057214934,3.0,3.0,3.0,12.19256643909072,25.848988103413056,4.18,1.0305595919531751,125.35018944988218,121.63313061043988,5.753081726671917,19.902265237215328,17.768202996051446,17.768202996051446,90.03334902179978
GHA,2026Q2,ADM2,mobile,Asutifi South,81241.16260815077,3687.9951171875,4.539564672376427,0.12338387043610151,2.0,3.0,2.0,88.12566651617487,88.12566651617486,64.018,2.762,125.274,45.35626357711803,31.1491947137924,28.909665995587986,69.67780014706712,69.67780014706712,135.98303628966002
GHA,2026Q2,ADM2,mobile,Atebubu Amantin,163670.52229368454,10492.467315673828,6.410725137692491,0.041959097204348046,3.0,7.0,3.0,38.03817718767646,41.41996713252269,25.639,8.728636670068648,129.43115471439083,14.828335696251738,2.7516195538955426,27.033318722092247,95.55307460518355,95.55307460518355,62.349172425805605
GHA,2026Q2,ADM2,mobile,Atiwa East,76091.330848914,6570.058332443237,8.634437404556195,0.19110157135821357,3.0,4.0,3.0,5.399914912316559,5.389024048268314,4.836,2.3846616791609927,5.885,2.467855315254006,6.803576321898216,36.3121310185102,0.0,0.0,131.2517613687858
GHA,2026Q2,ADM2,mobile,Atiwa West,67209.95576155857,8167.043701171875,12.151538575841618,0.3153602268624294,5.0,32.0,9.0,9.951574435281167,10.169503555923402,10.252,6.384930981119208,17.850807704606826,2.795771443323852,9.637499690683331,38.0,57.9456586591541,0.0,114.75770786825127
GHA,2026Q2,ADM2,mobile,Atwima Kwanwoma,227431.11704456838,78488.75305175781,34.51100010926685,4.253038636736096,29.0,89.0,35.0,14.608744439586838,31.206959052732344,19.59,4.552613044677175,85.89397671045435,18.866961867290673,16.062570786672083,28.050559030361594,69.76026485003626,37.88338417484866,903.9907348670386
GHA,2026Q2,ADM2,mobile,Atwima Mponua,174368.16038138865,37.15974807739258,0.021311085691398314,0.05876678304998045,3.0,6.0,4.0,18.906383095434546,19.90443616559886,19.393,3.841,39.005,10.154907576152043,15.168363674032673,33.742786735217614,75.60633598733934,21.951554114051845,92.57660988018607
GHA,2026Q2,ADM2,mobile,Atwima Nwabiagya North,80217.94018316276,19239.08920288086,23.98352433252708,1.9053308240050595,11.0,59.0,17.0,13.552665371541002,36.438045689564355,13.714,8.698322328187944,96.10614323610388,11.04881373786995,21.899163222973275,26.141756508319627,79.2986895101447,42.48928267170252,376.85482180551173
GHA,2026Q2,ADM2,mobile,Atwima Nwabiagya South,308245.0213305959,99954.8931388855,32.42709086019036,3.220206703075428,32.0,153.0,39.0,11.525202351109376,25.02463420419597,11.3065,2.5779354587571364,82.59559940248569,32.039436488571496,12.045343170867035,29.0,54.179169346113554,32.786229950612,841.0327939546868
GHA,2026Q2,ADM2,mobile,Awutu Senya,146252.3993413172,800.0641479492188,0.5470434341949258,0.7565907694417053,5.0,10.0,6.0,30.342357063202144,28.46076609042482,38.727,7.3552398500946,43.05562671129085,5.853735240290918,11.093354149128677,20.31724782236191,92.87702735509697,59.88212160438493,597.5492079875881
GHA,2026Q2,ADM2,mobile,Awutu Senya East,285694.091776371,122519.99737548828,42.88503014314753,9.276279144638032,27.0,155.0,36.0,20.182348504563898,26.829263167650318,19.361,3.4770049072241935,68.79808925609733,19.786595386493453,21.140598432719873,24.348244272161356,68.43350968439678,40.513679599896044,2649.782142251712
GHA,2026Q2,ADM2,mobile,Ayawaso Central Municipal,17623.875,17623.875,100.0,88.77610351734569,4.0,19.0,11.0,44.28764645490826,43.553728960300454,32.474000000000004,24.60920456438492,51.785,2.104293938656782,13.669967394385914,20.497897665062613,100.0,90.52923275518322,10560.25126578106
GHA,2026Q2,ADM2,mobile,Ayawaso East Municipal,97323.62524414062,80846.4287109375,83.06968478427581,72.44073093468513,12.0,58.0,25.0,17.256673506453,45.336559385444616,49.1175,0.972,142.19404644132294,146.29017123592897,19.7096573078201,24.06896428249403,54.42276180402668,44.773043925859,15862.642288067054
GHA,2026Q2,ADM2,mobile,Ayawaso North Municipal,73414.12158203125,55814.04931640625,76.02631225933953,61.2749571982285,8.0,38.0,16.0,65.3473759459022,57.026542698966715,60.761,12.385762446317363,97.85867623489669,7.900900462045664,26.261269488483002,21.00758944663903,100.0,70.5493114568161,15182.34310629604
GHA,2026Q2,ADM2,mobile,Ayawaso West,99017.49918365479,93089.71723175049,94.01339965079342,76.81434972336906,68.0,432.0,161.0,36.42824265979957,50.29380334249489,23.972499999999997,3.7886244590118583,131.18185424084712,34.62519330170341,21.103860310971076,22.0,78.47495655246533,59.12617263113322,3020.371893833648
GHA,2026Q2,ADM2,mobile,Ayensuano,103768.59035960124,308.5535888671875,0.2973477694916364,0.1482385821995531,2.0,2.0,2.0,62.026379249712484,62.02637924971247,57.019,14.866,99.172,6.671061482577694,31.47034074588821,29.915767024268586,100.0,55.93952891812265,207.88912761394366
GHA,2026Q2,ADM2,mobile,Banda,32567.309102995663,7115.592132568359,21.848879531511066,0.127555780248932,8.0,19.0,10.0,28.52015218868788,26.307261912690425,19.180500000000002,14.20475944006986,38.12008376692778,2.6836134696794485,43.37068756231114,31.744957728671096,95.96277376305233,43.56966799676638,14.171231319264582
GHA,2026Q2,ADM2,mobile,Bawku Municipal,139472.2871726269,14527.466918945312,10.416024009819566,0.43750896827401214,3.0,6.0,3.0,13.461324950928963,14.144412526038261,1.477,1.3330906941990843,20.59,15.445310727617366,24.48107267839454,50.913835039843214,66.38277275294342,0.0,564.703406481251
GHA,2026Q2,ADM2,mobile,Bawku West,159827.30091806693,11157.1181640625,6.980733641858865,0.033628130700257254,1.0,2.0,1.0,18.952,18.952,18.952,18.952,18.952,1.0,12.972,36.0,100.0,0.0,149.10501686647873
GHA,2026Q2,ADM2,mobile,Bekwai Municipal,161185.7828542744,24661.90284729004,15.300296596000955,0.5514196665196409,8.0,20.0,9.0,23.078497461833212,24.179491213898405,15.7095,3.84248343694809,36.315,9.450919072495301,14.75360300647485,30.0,86.35719690733407,40.29000240381631,300.94605681192235
GHA,2026Q2,ADM2,mobile,Berekum East Municipal,132299.43886730968,20278.846801757812,15.327991543559435,0.39801028509309555,5.0,15.0,6.0,3.523720706843078,7.426494188090336,3.819,1.0603461975028683,22.927282299867834,21.622449680926795,7.458312709211015,63.09726680296087,26.012450688057925,0.0,286.46065382794313
GHA,2026Q2,ADM2,mobile,Berekum West,41576.955051724595,4843.044921875,11.64838770864754,0.36638155504084235,4.0,7.0,4.0,13.941581968738,13.542221011573323,13.209,7.362019138491482,18.44043609561326,2.5048068673442496,15.015344923660578,28.67253542687726,84.5218766387634,0.0,103.58608331453905
GHA,2026Q2,ADM2,mobile,Bia West,118313.04821729494,3826.1346435546875,3.233907587713884,0.11475776519145738,4.0,7.0,5.0,55.51848954179949,67.38070046559604,98.6335,22.787,142.51654141174885,6.254291543939477,17.536836878173663,32.94327020983014,100.0,48.43867323236778,91.97592989869145
GHA,2026Q2,ADM2,mobile,Biakoye,82668.08752215274,49.271697998046875,0.05960183605897915,0.03329355327407241,1.0,1.0,1.0,63.878,63.878,63.878,63.878,63.878,1.0,51.363,36.0,100.0,100.0,74.7610945173258
GHA,2026Q2,ADM2,mobile,Bibiani-anhwiaso-bekwai Municipal,189149.933356705,36850.81823730469,19.482332128455067,0.39870073379183485,9.0,28.0,11.0,9.543487270882547,14.497186736162186,13.488,5.907,35.61968261323941,6.030080009012936,15.178843702432426,27.32391372922904,56.872639695795215,9.08561617222878,226.85733490988645
GHA,2026Q2,ADM2,mobile,Binduri,79073.509292906,368.8716125488281,0.46649202223015673,0.09190921100478265,1.0,2.0,1.0,91.778,91.778,91.778,91.778,91.778,1.0,50.226,30.0,100.0,100.0,201.7503491951038
GHA,2026Q2,ADM2,mobile,Birim Central Municipal,81547.1997531061,6016.364013671875,7.377768987638001,0.693163063679042,2.0,5.0,2.0,13.906890129498544,13.906890129498542,18.409,4.541,32.277,7.10790574763268,5.093241614322708,22.701439322035924,33.767991525449034,33.767991525449034,763.9371747372488
GHA,2026Q2,ADM2,mobile,Birim North,93355.31212149485,956.9542999267578,1.0250667885736962,0.19565067617597137,3.0,3.0,3.0,8.285003035476292,10.419720969959366,7.661,5.805,15.126,2.6056847545219637,2.0668963137400476,35.83842755157511,47.602319172442385,0.0,164.8406902057037
GHA,2026Q2,ADM2,mobile,Birim South,56817.687174861916,2065.097900390625,3.6346039465406026,0.23716217658774735,2.0,13.0,2.0,24.82511553168909,24.825115531689093,27.9415,7.499,48.384,6.452060274703294,17.323591883226168,33.54266095609966,42.37768260166098,42.37768260166098,182.11171063366814
GHA,2026Q2,ADM2,mobile,Bole,129118.63338626022,28519.42462158203,22.087768336476866,0.059136618179303234,10.0,26.0,10.0,45.04817991955107,38.63499372075107,17.9645,2.523775006943035,147.14983750260703,58.30545000952551,24.30779736112331,29.917345729629545,84.14046972033069,56.803458613636394,20.92554541302921
GHA,2026Q2,ADM2,mobile,Bolga  East,49567.093700408936,1019.3613128662109,2.0565283069194775,1.0045706758659,2.0,3.0,2.0,32.24063263840538,32.24063263840539,78.54950000000001,3.525,152.2798326384054,43.19995252153345,6.955117532850865,34.234499859688356,19.137503507791042,19.137503507791042,690.0276556343732
GHA,2026Q2,ADM2,mobile,Bolgatanga Municipal,156218.89810559194,44430.08029174805,28.440912610788445,1.4420299471993832,13.0,82.0,15.0,19.290424745651833,23.379876565172783,19.406,13.865724764276923,41.68812166065947,3.0065591499452675,21.548587547957126,32.49897448238058,99.57911847138084,27.107098532381137,480.2936827374024
GHA,2026Q2,ADM2,mobile,Bongo,132483.99105525223,6595.799987792969,4.9785637760883885,0.17378772430433004,2.0,2.0,2.0,15.367012131993508,15.367012131993508,9.17,3.3830121319935094,16.66,4.924605455134077,13.89489723503746,34.08631427690297,91.368572309703,0.0,319.275012871222
GHA,2026Q2,ADM2,mobile,Bosome Freho,69176.58473375124,2973.0185012817383,4.297723735169024,0.3892480500005022,6.0,15.0,6.0,17.876577950607718,25.25003116342373,20.999,2.998539220236615,49.426,16.483359519339487,8.070283969452793,29.702848356413178,90.73705962300299,28.846298177129775,121.50750514805901
GHA,2026Q2,ADM2,mobile,Bosomtwe,181615.42785473066,19142.842960357666,10.540317629661681,0.611146725177791,7.0,10.0,7.0,6.688832087687498,10.362211032093962,7.328,2.889868757172014,25.379881841536523,8.782364866414532,20.76488001835155,28.496005030672414,32.23736409649637,19.406241236086835,429.7366404583145
GHA,2026Q2,ADM2,mobile,Builsa North,63723.27683508103,1265.1871643066406,1.9854395868263448,0.1325816759505125,3.0,4.0,3.0,7.492553670951901,17.687121943950856,3.377,1.567,39.048,24.918953414167202,12.901949818064459,80.82553857780593,41.85601148236732,41.85601148236732,78.00670678216703
GHA,2026Q2,ADM2,mobile,Cape Coast Metropolitan,205724.0464460854,99596.87435913086,48.41285016490887,10.610649888852711,35.0,125.0,54.0,21.958699480412314,31.01203642377541,20.844,1.550001195859501,82.65461317183446,53.32551574323213,21.19432463616009,29.42157954833037,72.64605344640282,45.32534136386483,1681.31262342664
GHA,2026Q2,ADM2,mobile,Central Tongu,88974.52321121746,7927.39599609375,8.909736978612214,0.10850309012243933,2.0,3.0,2.0,28.957260210355123,28.957260210355123,17.485999999999997,3.6260602103551234,33.318,9.188485040830844,13.066444737632617,21.8201709397919,86.228083029166,86.228083029166,130.54222482804477
GHA,2026Q2,ADM2,mobile,Daffiama Bussie Issa,43702.199329165705,1203.1014404296875,2.752953990639938,0.024843936675596305,1.0,2.0,1.0,143.761,143.761,143.761,143.761,143.761,1.0,47.106,37.0,100.0,100.0,30.017934113338864
GHA,2026Q2,ADM2,mobile,Denkyembour,87046.90726034789,3204.603515625,3.6814674024435785,0.08468175259251488,1.0,4.0,1.0,46.771,46.771,46.771,46.771,46.771,1.0,19.731,32.0,100.0,100.0,199.32594279151334
GHA,2026Q2,ADM2,mobile,Dormaa East,74188.8843615115,4736.0283203125,6.383743819673216,0.19360111286588433,3.0,10.0,4.0,28.332,22.612045677633617,28.332,0.175,31.239,178.50857142857146,22.383968561572928,35.92879720650989,77.34671555498461,77.34671555498461,130.13030312063992
GHA,2026Q2,ADM2,mobile,Dormaa Municipal,129312.40985732137,18366.09666442871,14.20288793990708,0.30402400271158053,10.0,17.0,11.0,29.12531322677636,30.14506153287325,25.4105,3.7691376252739675,52.545477483578026,13.940981388218386,17.350985803632636,34.98233107657416,81.88557297570055,61.822109774435795,106.8578390661636
GHA,2026Q2,ADM2,mobile,Dormaa West,53977.199072781485,9536.233703613281,17.667151811183953,0.5807279659081079,6.0,14.0,8.0,69.83327609583257,70.01216520851996,55.91199999999999,38.88412334080358,96.84748436597495,2.4906690969253953,18.939004411760443,36.68239099168664,100.0,99.69374507961714,141.84227054108305
GHA,2026Q2,ADM2,mobile,Effia Kwesimintsim Municipal,205700.08408200744,118956.90835571289,57.83026724883971,10.252871841080514,29.0,129.0,39.0,8.802316249417728,22.723905728228022,13.967,1.4595770066381333,71.79459227170081,49.18862927079567,12.942872519868043,31.22680990573027,44.05124097617434,33.93735836813524,1959.3620203992932
GHA,2026Q2,ADM2,mobile,Effutu Municipal,109497.60659348965,71027.4497680664,64.86666875903154,6.948798033966453,16.0,67.0,19.0,31.620922251333106,50.24780339917536,14.433499999999999,9.57819267672849,144.78769085613388,15.116389463318596,27.08959941232229,21.2124718148089,91.06135738603899,69.8408873384297,1282.958565490062
GHA,2026Q2,ADM2,mobile,Ejisu Municipal,240277.4772057541,69458.47979164124,28.907611566173816,3.318633772053043,37.0,122.0,42.0,21.013088566658173,20.50792230581679,21.655,0.335536710069421,37.447435481710336,111.60458560245952,8.36603514395945,30.0,64.75085608435161,34.29422860267625,584.3074006698316
GHA,2026Q2,ADM2,mobile,Ejura-sekyedumase,155714.64187104235,31306.336975097656,20.104941063297385,0.13709976878859356,5.0,5.0,5.0,3.7632884031492564,4.058195787262621,2.204,2.0554898407345217,7.90792064726079,3.8472195242935006,2.608516026668891,57.11765156742101,0.0,0.0,116.0995436245779
GHA,2026Q2,ADM2,mobile,Ekumfi,93847.9564707353,17095.31581878662,18.2159702370477,1.0716387906607023,8.0,37.0,9.0,26.137973345983042,32.78899489476605,23.4045,0.521,82.27146681535099,157.91068486631667,33.09234803924802,34.56983249818533,72.7425507736736,45.21698281880289,339.03737721833147
GHA,2026Q2,ADM2,mobile,Ellembelle,130875.94547974561,11963.690925598145,9.141245078874825,0.44708113971160607,12.0,22.0,12.0,61.94201711046919,50.37108475817037,46.964,13.240010997388016,78.70583799423093,5.94454475980103,10.204409470010427,32.0,96.77447241592282,78.1660479056587,131.38139702893858
GHA,2026Q2,ADM2,mobile,Fanteakwa North,68740.69207284247,5196.62060546875,7.559744379591123,0.044108895639540784,1.0,19.0,1.0,2.848,2.848,2.848,2.848,2.848,1.0,25.217,35.0,0.0,0.0,82.10216833338625
GHA,2026Q2,ADM2,mobile,Fanteakwa South,58226.09177605107,8146.282623291016,13.990776943476149,0.8457750976928878,6.0,8.0,6.0,23.039339447180765,39.46371339475041,5.901,2.8777551127585954,82.078,28.52153737338707,28.229882711631227,30.50106281713561,68.26089394318605,42.68603076806149,222.206903415166
GHA,2026Q2,ADM2,mobile,Ga Central Municipal,316204.0693049431,218302.32958984375,69.03843143755238,34.82351519328053,46.0,113.0,61.0,18.35751782387453,30.99732674910138,21.499499999999998,1.8622714863880794,65.5493610052038,35.19860637094239,14.86570649411228,22.068457889069446,72.70490870455795,44.67824529915359,6463.648682268499
GHA,2026Q2,ADM2,mobile,Ga East,344976.1240386963,223262.54733276367,64.71826070714393,39.35164858343698,91.0,460.0,120.0,24.308518358399226,29.88736468032049,19.67,1.3425354428082232,62.135392925454354,46.28212480966895,15.563317895315567,21.784318092246956,68.16419651000957,48.14429735165511,4029.1389065668495
GHA,2026Q2,ADM2,mobile,Ga North Municipal,343219.15338230133,175891.56533813477,51.24759606356074,15.1230970644889,51.0,171.0,62.0,20.99551485692988,30.13352778775337,18.412,2.1301003016922704,80.22111552307936,37.660722107474115,17.282510031119084,24.0,65.72359657934167,37.38369945117395,2748.819411655459
GHA,2026Q2,ADM2,mobile,Ga South Municipal,57004.906331778766,4580.599853515625,8.035448434658788,0.8304165484665694,4.0,5.0,4.0,1.834885161579458,61.42713526937256,63.883,0.229,179.402,783.414847161572,17.224100443424753,24.3360685429553,38.22866233201474,38.22866233201474,319.607985633341
GHA,2026Q2,ADM2,mobile,Ga West Municipal,343361.34362888336,124456.05632019043,36.24637968993585,11.440072807185652,54.0,242.0,64.0,27.86872863383741,39.05083275858959,14.408000000000001,1.9643089315990163,139.38840904338215,70.96053314277562,18.737831585400937,26.0,69.41526568250485,53.84536425868186,1964.6091222948985
GHA,2026Q2,ADM2,mobile,Garu,86368.1075600741,1962.3695068359375,2.2720996931315116,0.053378094631571706,1.0,1.0,1.0,7.343,7.343,7.343,7.343,7.343,1.0,1.921,250.0,0.0,0.0,127.82590420077003
GHA,2026Q2,ADM2,mobile,Gomoa Central,40365.72799092543,3245.0583419799805,8.039142370254039,0.9140722325711432,3.0,4.0,3.0,46.2933907393479,47.906856229912975,59.628,35.187,98.0431104678971,2.7863446860459007,7.863425417507674,22.544163798268443,100.0,100.0,331.7931472976834
GHA,2026Q2,ADM2,mobile,Gomoa East,474816.47580742976,176229.61693191528,37.115312107111535,4.049130667119687,59.0,192.0,71.0,24.313841580975296,37.34296951012385,28.642,4.345805793868304,104.59631471359475,24.06833615555819,17.35184400980406,23.72052489070231,72.23670673202142,49.144377732455325,879.5384845543506
GHA,2026Q2,ADM2,mobile,Gomoa West,98390.78108567765,16284.798826217651,16.551142949090952,0.6583138117458579,6.0,9.0,6.0,32.28198124712651,48.18419298052539,13.3385,4.737628431744042,117.77593015313091,24.859680713663437,13.54565935330287,23.74986214504328,82.23314674536225,38.02163123354018,291.2084018933673
GHA,2026Q2,ADM2,mobile,Ho Municipal,197419.35361442092,56609.023529052734,28.67450556018719,1.4810137472528142,23.0,54.0,24.0,22.000797030021015,36.154532949863146,22.09,1.5361862393558885,95.15689765944997,61.943594612166656,17.080008451048997,26.0,62.51741654865241,43.10202205993757,344.51888987306285
GHA,2026Q2,ADM2,mobile,Ho West,96241.41082815992,3116.2685976028442,3.237970610350856,0.2574196051566417,7.0,12.0,7.0,73.76011531839448,66.31434771199241,73.114,28.43016839293385,85.15611562358993,2.9952729947514123,16.31648990076838,29.034919509507482,100.0,91.61671438647988,95.99027509904829
GHA,2026Q2,ADM2,mobile,Hohoe Municipal,160475.01976794563,27463.55615234375,17.11391354994524,0.1614404361505735,3.0,6.0,3.0,7.403801645122629,10.629981263042074,12.309,0.834,36.61418080784563,43.90189545305231,10.92833383447951,26.089995948725452,47.89996466019785,16.336576937017902,234.5812978222316
GHA,2026Q2,ADM2,mobile,Jaman North,133726.43344008856,11443.142181396484,8.557128076344894,0.1778359797468674,5.0,25.0,7.0,45.57811562536453,43.43464674791695,43.322,13.41873391496085,67.94116160604085,5.0631573765906275,22.95399481344726,36.64366646344588,88.59923211281507,88.59923211281507,129.67996883147404
GHA,2026Q2,ADM2,mobile,Jasikan,61889.1038720094,2110.036865234375,3.4093834507574474,0.06613466261687043,1.0,2.0,1.0,3.307,3.307,3.307,3.307,3.307,1.0,1.606,52.0,0.0,0.0,111.30814677508651
GHA,2026Q2,ADM2,mobile,Jirapa,101785.23500285351,10778.703857421875,10.589653653714802,0.12157684700035709,4.0,29.0,4.0,110.57836337991479,105.08779655054859,49.535,12.36351559380305,162.006,13.103554468051309,23.89215791509811,41.23503108487952,95.20943023432777,68.23818514567219,85.60224381002654
GHA,2026Q2,ADM2,mobile,Jomoro,136757.30371771654,16067.889709472656,11.7492004248919,0.19859431139438574,8.0,84.0,10.0,47.43711087146241,54.71666799856132,54.3445,28.10552641597308,89.64441082948798,3.189565265660379,24.751598520641895,34.671933877148824,100.0,100.0,91.50261084550421
GHA,2026Q2,ADM2,mobile,Juaben Municipal,33498.09395450483,6331.9619140625,18.90245433863253,0.2156210535699755,1.0,1.0,1.0,2.636,2.636,2.636,2.636,2.636,1.0,5.235,28.0,0.0,0.0,195.92584302311437
GHA,2026Q2,ADM2,mobile,Juaboso,111394.14998470565,1668.3136005401611,1.4976671582567123,0.08089649331539346,3.0,7.0,3.0,137.07785476927444,105.83519567271682,116.765,2.007,165.457,82.4399601395117,17.789536645169882,29.914148651803742,63.83066297879324,63.83066297879324,81.34417293716137
GHA,2026Q2,ADM2,mobile,Kadjebi,79591.92337926521,2569.093505859375,3.227831916584465,0.05332874508370927,1.0,1.0,1.0,107.492,107.492,107.492,107.492,107.492,1.0,22.025,30.0,100.0,100.0,115.49201113551959
GHA,2026Q2,ADM2,mobile,Kasena Nankana East,118697.27771869731,10599.302429199219,8.929692940657565,0.37608036528034666,8.0,32.0,10.0,5.540425772194238,10.398913477536384,12.1925,0.5544503041839537,25.83062484301732,46.58780894896456,6.397694484770037,52.01370669790998,31.448836006289593,12.441101012858127,154.7364897315207
GHA,2026Q2,ADM2,mobile,Kasena Nankana West,88466.67859426868,1007.7649230957031,1.1391463306965288,0.12396683007134456,3.0,5.0,3.0,20.926094078249847,25.505457555817877,23.821,9.254,52.717,5.696671709531014,5.584811221085655,36.39746082539303,58.82340133486801,26.587253195486067,101.39297306804573
GHA,2026Q2,ADM2,mobile,Keta Municipal,130721.48805916647,28610.57341003418,21.886664415176035,0.8594955182998928,12.0,18.0,14.0,22.939514496737,30.9777196055775,7.4015,5.400233600375567,72.44571373798227,13.41529257788847,12.839481167411426,31.34717353474821,68.3666456982254,43.384940238310385,253.04935369318767
GHA,2026Q2,ADM2,mobile,Ketu North,117309.55704411963,5492.253326416016,4.681846445256291,0.3494454190320383,4.0,8.0,5.0,51.589170809846465,60.68419014197449,11.6965,0.763,97.604,127.92136304062909,14.588779800425463,29.330491761967483,65.63246927655901,60.785482339719245,277.2748338277974
GHA,2026Q2,ADM2,mobile,Ketu South,224085.02709203993,45219.46238708496,20.179600116036163,1.9945156980353875,15.0,25.0,16.0,25.777532824614266,47.841826393277024,24.009,0.403,108.49486367201307,269.2180240000324,13.776495463092377,28.681242662232012,71.64510433258128,49.53988556987598,806.0258471762011
GHA,2026Q2,ADM2,mobile,Kintampo North Municipal,147087.1389952902,33626.62914276123,22.861705906073794,0.029960622238660844,4.0,31.0,5.0,43.67992454629081,34.592886116346655,28.814,7.136523338758167,60.049,8.4143212527417,33.17787953746216,37.165917627765246,55.708120799334814,55.708120799334814,30.07598193616812
GHA,2026Q2,ADM2,mobile,Kintampo South,113322.3386645478,4270.37841796875,3.768346531048703,0.024223915332739036,1.0,1.0,1.0,57.144,57.144,57.144,57.144,57.144,1.0,45.599,40.0,100.0,100.0,74.87771913392118
GHA,2026Q2,ADM2,mobile,Komenda-edina-eguafo-abirem Municipal,177853.71157146615,12221.0498046875,6.871405548248439,0.6552435320246286,8.0,15.0,9.0,43.84744847529804,55.7493366620523,53.11,35.899225372667765,80.88392903037163,2.2530828504158595,15.2996778623647,29.398624887775085,93.70200711502909,93.70200711502909,392.67021188541906
GHA,2026Q2,ADM2,mobile,Korle Klottey Municipal,78120.88671875,76518.87353515625,97.94931515644299,86.26705531601581,23.0,216.0,73.0,28.700434690253445,27.37948993507726,24.835,4.448666358712774,54.090700977719685,12.158857647704306,19.11115175944001,21.853120945459185,73.01947800379534,50.96578380045377,7910.323936732627
GHA,2026Q2,ADM2,mobile,Kpandai,100967.34231515824,1379.6929931640625,1.366474507031695,0.0322910081620355,1.0,1.0,1.0,1.659,1.6589999999999998,1.659,1.659,1.659,1.0,0.825,56.0,0.0,0.0,89.12254209506433
GHA,2026Q2,ADM2,mobile,Kpando Municipal,67382.92546674938,19125.332485198975,28.383054538996703,0.8206433659545902,7.0,22.0,7.0,24.30473556170026,21.00297254248489,23.753,1.245,34.30381910004462,27.553268353449493,9.5679234969209,26.616929592332674,74.32729015628935,45.89941331512548,214.44572324203133
GHA,2026Q2,ADM2,mobile,Kpone Katamanso,491899.73531746864,179913.8145751953,36.575302171911154,11.714315998156177,76.0,174.0,90.0,15.365619866630839,18.091702307398137,16.7325,0.5680003477276696,44.12265039912489,77.68067497782538,16.275779496901976,19.152662981672965,52.91172305402353,24.22111453380431,2048.1095313424235
GHA,2026Q2,ADM2,mobile,Krachi West,66873.03039968983,17720.33837890625,26.49848268127601,0.11858309957262755,3.0,6.0,3.0,10.700087828695764,10.178376983649477,12.977,4.019,17.383,4.3252052749440155,18.908373080808815,37.24634505195172,57.479536460204336,0.0,72.0172627273718
GHA,2026Q2,ADM2,mobile,Krowor Municipal,161786.58984375,104061.5078125,64.32023068970078,46.86979059622804,23.0,58.0,36.0,21.505126233264917,30.555814846502912,21.92,5.308385317453458,84.60003043172436,15.937055313895101,26.115135923199258,19.113951212568224,74.47183823815071,40.4114588852169,8902.214796332875
GHA,2026Q2,ADM2,mobile,Kumasi Metropolitan,214510.94982910156,177626.3507080078,82.80526045384663,66.6273163142329,39.0,266.0,92.0,20.566276316127272,21.06843956486349,21.795,2.3366645989516615,42.17821429307283,18.05060696858076,21.088512318187327,26.0,61.31776278413456,30.657930425702773,9935.234375137783
GHA,2026Q2,ADM2,mobile,Kwabre East,325593.6176120043,90629.02709960938,27.83501340238433,7.499696549571832,25.0,80.0,28.0,20.238599921914766,23.58395473797292,20.555,3.42443910141801,55.06334038002286,16.079520981179645,19.144932158062318,30.65011224591273,70.00049240933053,22.067549539502867,2648.9884351314868
GHA,2026Q2,ADM2,mobile,Kwadaso Municipal,309334.20275878906,176234.38818359375,56.972163637855736,31.05125963309237,54.0,156.0,77.0,19.52442118763927,31.108521352276238,19.0245,1.6668903216841997,92.01540138463085,55.2018331306045,14.946091236544351,28.0,66.8333658238858,41.56414182390046,4822.003096673734
GHA,2026Q2,ADM2,mobile,Kwaebibirem,136203.380182311,14813.3734664917,10.875922056166079,0.22998712090979395,5.0,25.0,5.0,63.65788363193733,75.91734534992301,36.018,11.698,114.698,9.804923918618567,19.558431830794653,28.678237937407175,100.0,69.00727408453028,169.48417846913082
GHA,2026Q2,ADM2,mobile,Kwahu Afram Plains North,75654.70716001205,15847.01318359375,20.946499931692056,0.0471823197053928,3.0,13.0,3.0,21.196798837881435,19.864155525829663,19.217,10.813088737132937,22.584,2.0885799191164405,29.355297293282064,20.0,100.0,0.0,32.306754276187945
GHA,2026Q2,ADM2,mobile,Kwahu Afram Plains South,83093.51419599367,1646.242431640625,1.9811924523466575,0.011898433673027899,1.0,4.0,1.0,12.13,12.13,12.13,12.13,12.13,1.0,2.248,45.0,100.0,0.0,26.831613546023267
GHA,2026Q2,ADM2,mobile,Kwahu East,78126.93406290456,6934.283386230469,8.875663008415602,0.23685645716204592,4.0,5.0,4.0,60.699788053475096,55.341230563203055,30.934,3.722,96.705,25.981998925308975,33.49717662942417,30.31640080567785,66.1541384189261,66.1541384189261,125.41017100213556
GHA,2026Q2,ADM2,mobile,Kwahu South,108257.03993330286,1085.1018981933594,1.0023384149999763,0.13904689853096042,3.0,11.0,4.0,121.29144739810353,124.48599755782772,80.471,68.81474933248106,187.693,2.7275112068366942,33.317515498096874,28.0,100.0,100.0,135.98194459465677
GHA,2026Q2,ADM2,mobile,Kwahu West,159456.303893482,30829.427734375,19.334091523260998,0.7356672772361029,8.0,15.0,8.0,7.043167126813149,12.461743409607164,17.549500000000002,0.3846574194340261,39.36929578946871,102.34898327814803,4.1268620888687835,33.32817341819994,28.538642601932136,28.538642601932136,397.3280573458607
GHA,2026Q2,ADM2,mobile,La Dade-kotopon,153037.63705444336,141768.73361206055,92.63651500423136,52.26023239609656,51.0,157.0,99.0,18.807762851120824,40.14958475459928,18.532,2.533260279444773,125.38337729897297,49.49486569396409,21.055033554917944,22.0,66.41341167335919,37.70603798067677,4233.918782275813
GHA,2026Q2,ADM2,mobile,La-nkwantanang-madina,295548.7365579605,197617.29278564453,66.8645364846246,36.95570051996243,71.0,260.0,118.0,27.137644440202394,35.82961356281637,24.429,3.9834726672952456,71.05971621645526,17.83863531934421,25.286998342986482,23.0,74.75075134525264,52.48114977570493,4155.349900128072
GHA,2026Q2,ADM2,mobile,Ledzokuku Municipal,211833.88940429688,155107.92224121094,73.22148626803465,48.07536004104758,38.0,96.0,56.0,22.535143204576666,27.214935507134197,22.012,1.9699741272267572,63.281649763111176,32.12308673931484,19.777639922687204,21.0,70.11227398840192,43.348343511102726,7236.261082759267
GHA,2026Q2,ADM2,mobile,Lower Manya,127629.16968667669,26930.017059326172,21.100205482365855,0.8503589670392623,7.0,13.0,7.0,41.66391799018754,34.84118777889129,32.866,4.781887736732811,42.6966198452611,8.928821042217365,28.517212411898548,28.71375155080558,87.61179950199072,87.61179950199072,419.4306228383846
GHA,2026Q2,ADM2,mobile,Mampong Municipal,130502.90449428857,15709.71826171875,12.037830362929801,0.2747530503649627,5.0,14.0,6.0,36.82168561222049,32.51780647889041,39.07,10.217,52.571,5.1454438680630314,10.693350340906763,32.0,100.0,56.50746102053813,194.72606522137258
GHA,2026Q2,ADM2,mobile,Mfantseman Municipal,154630.0542204097,35403.43867492676,22.895574119415812,1.8487081174930753,15.0,32.0,17.0,16.601698046474347,30.254291054501426,10.808,0.18456489087050257,82.8975068912223,449.15100862485383,4.94346690456589,30.0,57.47694559050856,39.34570012529592,513.9281138316262
GHA,2026Q2,ADM2,mobile,Mpohor,57752.866750534304,2920.438720703125,5.056785723413646,0.07066973598781764,1.0,1.0,1.0,0.077,0.077,0.077,0.077,0.077,1.0,26.869,43.0,0.0,0.0,110.006804824127
GHA,2026Q2,ADM2,mobile,Nadowli-kaleo,87590.0387416193,4421.301025390625,5.047721280764543,0.06395776005422339,2.0,2.0,2.0,67.3838838112213,67.38388381122131,75.324,49.646,101.002,2.0344438625468313,31.349292388494113,40.036172042870625,100.0,100.0,77.42029432322154
GHA,2026Q2,ADM2,mobile,Nanumba North,170409.660314882,11594.388427734375,6.803832838062308,0.03230472831259148,2.0,2.0,2.0,41.48859364880829,41.4885936488083,38.837,33.469,44.205,1.3207744479966534,28.240452443077437,33.72283372198907,100.0,100.0,75.39992803255132
GHA,2026Q2,ADM2,mobile,Nanumba South,163169.71471004508,9187.860595703125,5.630861469623873,0.040823461950927786,2.0,2.0,2.0,104.19074104104173,104.19074104104173,82.7975,43.517,122.078,2.805294482615989,20.976975397330417,34.59380370301687,100.0,100.0,91.15779726891768
GHA,2026Q2,ADM2,mobile,New Juaben North Municipal,98016.65217423439,13386.919738769531,13.657801446812266,2.4576292308047254,7.0,7.0,7.0,14.42436834506276,17.199810701048072,10.748,5.924760667118283,41.51109205479976,7.006374499679183,13.24698850345469,22.0,75.35808943141518,16.988609835352648,930.8471829186745
GHA,2026Q2,ADM2,mobile,New Juaben South Municipal,156619.0629901886,101234.00927734375,64.63709292124008,19.083326155867507,28.0,69.0,34.0,10.827955167075942,23.214707891215813,8.2045,1.6633320246545897,67.45407226164129,40.553582364680864,7.3177462479304,25.607488604716377,51.30709666800441,26.011234673661242,2886.965231409806
GHA,2026Q2,ADM2,mobile,Ningo/prampram,240639.16459045187,68746.37017631531,28.56823838019717,3.0330152716378995,51.0,342.0,64.0,19.17671399260427,24.74051460376669,18.431,3.1154647813361054,48.76071035760247,15.651183300069546,15.00532732731307,22.0,73.11885901138467,31.470255112798,386.62726432090443
GHA,2026Q2,ADM2,mobile,Nkoranza South,128845.34909886592,2090.18212890625,1.6222410382096186,0.07968902535897619,2.0,6.0,2.0,40.62779211502671,40.62779211502671,44.6025,28.127,61.078,2.1715078038895013,13.599275722587441,32.75875039391986,100.0,100.0,139.661690975827
GHA,2026Q2,ADM2,mobile,Nkwanta North,139976.8006211957,8677.081939697266,6.198942897101305,0.09977446693943272,3.0,5.0,3.0,57.707,49.88097516252743,57.707,37.973,60.916,1.604192452532062,18.730749507282596,31.0,100.0,100.0,127.306947952236
GHA,2026Q2,ADM2,mobile,Nkwanta South Municipal,159231.53915314056,291.7101135253906,0.18319870239076136,0.013392218715704262,1.0,1.0,1.0,23.317,23.317,23.317,23.317,23.317,1.0,2.447,30.0,100.0,0.0,58.28020256636838
GHA,2026Q2,ADM2,mobile,North East Gonja,196194.55604361935,2256.083984375,1.149921807144033,0.005985004581881169,1.0,1.0,1.0,71.388,71.388,71.388,71.388,71.388,1.0,27.26,34.0,100.0,100.0,32.210950202909615
GHA,2026Q2,ADM2,mobile,North Tongu,126588.05608068481,17155.103591918945,13.551913287130825,0.16333232359452754,5.0,22.0,7.0,49.81103414037099,51.913640799799296,47.124,23.048181922489018,75.538,3.2773951652253577,35.76433412855599,30.579501116728657,100.0,90.60531441032431,111.86834633879279
GHA,2026Q2,ADM2,mobile,Nsawam Adoagyiri,174942.65479278608,42722.79399871826,24.421027592911535,2.3221120106923077,11.0,16.0,11.0,30.194307721671937,38.231078823864955,22.827,14.376471506102266,62.88509378383287,4.374167455285571,27.015087301622437,21.649981891290004,96.71605083941375,55.384566085817376,997.862150569556
GHA,2026Q2,ADM2,mobile,Nzema East,103215.16032668362,2.4320168495178223,0.0023562593342105064,0.10270506607550224,3.0,4.0,3.0,44.14091655371845,44.14091655371844,84.404,44.119,76.36891655371844,1.7309756919630643,39.10152726306952,45.98857521092001,100.0,100.0,95.1893347175824
GHA,2026Q2,ADM2,mobile,Obuasi East,51153.72437825799,14698.875732421875,28.734712694095407,1.9698143847489689,4.0,43.0,9.0,54.290751832469205,58.95184842773453,50.67,25.51300331594323,86.773,3.401128394232404,30.934428875375797,33.83904983311365,100.0,87.95461194907303,681.6377282814346
GHA,2026Q2,ADM2,mobile,Obuasi Municipal,176287.84273445833,87181.54557800293,49.45408839639846,5.325241745547069,21.0,48.0,24.0,35.62137503636552,49.97067794420932,51.602,4.087005468455267,128.87648940524863,31.533231457593097,37.42019769058325,28.0,72.33178064418631,59.82212730120734,1209.620954881114
GHA,2026Q2,ADM2,mobile,Offinso Municipal,155626.51761994915,1039.7398986816406,0.6680994438369161,0.1258215854920801,2.0,5.0,2.0,24.73102997939812,24.731029979398123,44.2885,5.084,83.493,16.422698662470495,5.49142041112941,28.751713322937345,25.057110764578205,25.057110764578205,265.7228872898394
GHA,2026Q2,ADM2,mobile,Offinso North,83494.60770930375,112.1375961303711,0.1343051955172857,0.03886768696114187,1.0,1.0,1.0,1.627,1.627,1.627,1.627,1.627,1.0,0.775,33.0,0.0,0.0,88.24454782083406
GHA,2026Q2,ADM2,mobile,Oforikrom Municipal,235202.60426330566,163880.28369140625,69.67621987210006,37.531520060638705,46.0,345.0,110.0,17.89376690385118,29.105653333667306,18.8585,3.0394817120498683,73.37737623179443,24.141410669093226,20.95657862610122,29.0,64.8959820141718,37.77765151390019,5202.407585039224
GHA,2026Q2,ADM2,mobile,Okaikwei North Municipal,163078.9176940918,157311.62089538574,96.463493331784,44.57979017778454,27.0,131.0,64.0,33.212275616844266,42.65907974659166,33.136,13.281506059495923,89.03897963643745,6.703982156660385,24.352218005931434,23.0,98.79936238260707,71.47618223819217,7270.351079827497
GHA,2026Q2,ADM2,mobile,Okere,59562.65666031993,297.00628662109375,0.4986451298082486,0.12043920209730112,1.0,5.0,1.0,1.016,1.016,1.016,1.016,1.016,1.0,3.21,23.0,0.0,0.0,194.01778208078585
GHA,2026Q2,ADM2,mobile,Old Tafo Municipal,320417.47509765625,165806.201171875,51.74692832260191,22.738838642758335,18.0,65.0,24.0,19.64373741256678,28.65820265157388,19.7545,1.8664163606008146,43.55179943703803,23.334450102558225,21.410125328547117,27.0,61.781869911856745,43.86503823473875,10976.118918529357
GHA,2026Q2,ADM2,mobile,Prestea/huni Valley,260085.84018963727,48943.57485961914,18.818238941394405,0.4708676574803014,23.0,78.0,26.0,16.196530272553268,23.37105381795504,12.947,7.107971686324805,39.52107413313586,5.56010573440682,26.51270038186557,30.36628001260233,83.28670451021804,32.07192947982716,143.69429790817193
GHA,2026Q2,ADM2,mobile,Sagnerigu,330287.64540326595,122236.80047607422,37.00919552314127,6.518111773902226,36.0,70.0,38.0,22.279735944052884,46.6911602846341,21.258,1.155970276083606,100.61389345859436,87.03847801300856,20.679154336803066,32.032795690989246,70.09970948457762,46.55851597181119,1643.5881186849526
GHA,2026Q2,ADM2,mobile,Savelugu,139336.72105706684,5734.24609375,4.115387566355518,0.02350356058767793,1.0,1.0,1.0,4.001,4.001,4.001,4.001,4.001,1.0,11.651,29.0,0.0,0.0,90.09444476820498
GHA,2026Q2,ADM2,mobile,Sawla-tuna-kalba,130860.4928838996,20012.604370117188,15.293083442588374,0.043077245431368864,5.0,7.0,5.0,18.648396672971444,18.648807011968866,16.525,10.478363233033491,25.336,2.4179348851094575,13.906720649896677,40.14987848660365,96.43073635447827,29.908719330966072,30.962096378948445
GHA,2026Q2,ADM2,mobile,Sefwi Akontombra,76293.2467601663,304.4028015136719,0.39899049318294916,0.06604670026654498,2.0,7.0,2.0,0.825,0.8250000000000001,0.825,0.499,1.151,2.306613226452906,20.727,381.5,0.0,0.0,68.13590830039992
GHA,2026Q2,ADM2,mobile,Sefwi-wiawso,169851.2381299967,17673.534057617188,10.405301870152185,0.25577217198119756,7.0,36.0,9.0,5.3847670117117685,9.44934032024831,8.817,1.1027801170402804,30.255369361503156,27.43554122348947,2.938665295792303,40.24509975364995,23.554149919515666,3.7383409469509146,167.963166954194
GHA,2026Q2,ADM2,mobile,Sekondi Takoradi Metropolis,257274.64646935568,146177.3526611328,56.81762842439439,20.510429102920092,48.0,132.0,65.0,28.903141374578073,38.41471894067614,24.275,5.140074430146926,75.9020091149703,14.7667140128943,18.925984904630287,30.0,78.16613838558224,55.244000053519336,2961.888257960304
GHA,2026Q2,ADM2,mobile,Sekyere Afram Plains North,39028.773585637435,95.86510467529297,0.24562674116557756,0.010442094430792007,1.0,1.0,1.0,123.3,123.3,123.3,123.3,123.3,1.0,11.475,26.0,100.0,100.0,11.06769731248954
GHA,2026Q2,ADM2,mobile,Sekyere Central,80517.48608749601,5871.43293762207,7.292121529032531,0.06773226577163194,3.0,11.0,3.0,12.460047131371836,12.956297067905798,15.567,12.38,15.024179966457876,1.2135848115070982,22.347061102473585,63.196263506777946,100.0,0.5667738772025835,49.34447658962881
GHA,2026Q2,ADM2,mobile,Sekyere East,84627.77891755658,10007.975463867188,11.825875134471913,0.6155459160322299,4.0,4.0,4.0,5.457737191019911,7.011073420118367,7.6205,4.878,15.797803106127404,3.2385820225763435,2.629306216156047,22.298618463647685,8.229843788526328,0.0,353.31397216870164
GHA,2026Q2,ADM2,mobile,Sekyere Kumawu,72978.7421743494,2111.4130859375,2.8931891987028795,0.06392168535262265,1.0,2.0,1.0,49.936,49.936,49.936,49.936,49.936,1.0,13.668,113.0,100.0,100.0,126.56521906118154
GHA,2026Q2,ADM2,mobile,Sekyere South,136413.98847782717,12782.005493164062,9.370010829381812,0.26484653130621855,3.0,5.0,3.0,29.3127905152555,28.61182969696483,41.16,13.512,46.137975531823194,3.414592623728774,10.87208674677802,44.28403601106294,100.0,52.83668144271997,326.79727711603346
GHA,2026Q2,ADM2,mobile,Sene East,80667.70726638363,3727.113525390625,4.620329065610883,0.008355196498012528,1.0,1.0,1.0,6.112,6.111999999999999,6.112,6.112,6.112,1.0,3.255,45.0,0.0,0.0,18.36111550215744
GHA,2026Q2,ADM2,mobile,Shai Osudoku,119065.99163342784,13659.140182733536,11.471907297246013,0.8776899602738067,23.0,88.0,31.0,18.764008808398426,23.698290096924065,17.341,14.870833753428444,37.8078461568333,2.5424160328681484,8.592881806375564,28.0,93.39389630811006,43.64927707122721,122.84603906502159
GHA,2026Q2,ADM2,mobile,Shama,118860.79206824658,13139.059967041016,11.054158178162679,1.342545177660158,7.0,10.0,8.0,72.13020879441498,87.94333690191101,81.243,4.779790440775159,190.635,39.883547691493334,24.366035890847343,36.677949426967814,83.01290219346401,83.01290219346401,614.3137740644428
GHA,2026Q2,ADM2,mobile,Sissala East,90925.25676369862,3393.79296875,3.732508534531796,0.007079006340949027,1.0,3.0,2.0,38.479,38.479,38.479,38.479,38.479,1.0,19.295,39.0,100.0,100.0,17.848689465811944
GHA,2026Q2,ADM2,mobile,Sissala West,69077.72563632668,4825.05322265625,6.984962487124569,0.03515777896030733,2.0,2.0,2.0,26.126342601821204,26.126342601821204,19.794500000000003,4.627,34.962,7.556083855629999,19.13458305299215,40.53411869343653,70.87305950822879,70.87305950822879,33.68380077697477
GHA,2026Q2,ADM2,mobile,South Dayi,63258.68815578786,6542.177574157715,10.341943162093756,0.3093303189232024,3.0,3.0,3.0,8.72335457858917,8.76833932833219,23.794,1.3,28.406508137389714,21.851160105684396,3.7323549194436056,31.27196109401853,32.56351722166442,1.3271225792194352,176.73285899328172
GHA,2026Q2,ADM2,mobile,South Tongu,123880.87995755265,10923.991455078125,8.818141636401995,0.17254573873926818,3.0,3.0,3.0,25.42126201031714,51.90253304439463,34.342,15.611,182.38997622867964,11.683426829074348,4.3810519063762925,18.926688035890656,100.0,42.747119215475706,192.64920605125917
GHA,2026Q2,ADM2,mobile,Suame Municipal,203099.41258239746,97283.52612304688,47.89946208415494,25.432661412758176,19.0,32.0,21.0,22.774617226665224,30.69455230684776,24.252,1.3770418943979563,77.02326256004076,55.93385566073528,14.604374222629488,27.17590310687961,74.73329750583424,37.98222334321066,7371.672877832975
GHA,2026Q2,ADM2,mobile,Suhum Municipal,143679.6402773857,31709.99169921875,22.06992698339161,0.41166648822864577,4.0,33.0,6.0,19.50645526941547,19.65107778117551,18.689,5.835,33.927,5.81439588688946,23.61856087537174,30.77156131615892,69.68300190894767,55.77302187027844,399.87611410908477
GHA,2026Q2,ADM2,mobile,Sunyani Municipal,215115.25360435274,102816.61262512207,47.796058579009866,2.9748378531670308,41.0,149.0,63.0,15.23535370701671,25.62632008167195,15.148,0.6579179219675959,73.90269353591631,112.32813557487526,14.68010000943123,25.714785441712834,60.192656409624654,33.118482218022784,424.3199172159764
GHA,2026Q2,ADM2,mobile,Sunyani West,157214.97313589873,24764.755599975586,15.752160946253255,0.5208988768153379,15.0,60.0,21.0,5.4710108152761725,11.036026468589085,11.523,0.27296980019751116,34.650631531198705,126.9394325164423,13.86632387667788,29.13409893249334,36.10572818474813,14.706691635707806,148.4461947309295
GHA,2026Q2,ADM2,mobile,Tain,127579.66788771928,11312.633056640625,8.867112796215055,0.0802724854735168,4.0,10.0,5.0,90.02365442556156,77.79494748812196,86.9065,17.114,106.522,6.2242608390791165,26.328443925120478,34.39808056923497,100.0,78.80193700242432,69.73852360517523
GHA,2026Q2,ADM2,mobile,Tamale Metropolitan,483554.8740793482,127822.77993774414,26.433976119278917,1.5754273867255015,28.0,92.0,34.0,14.629796888648578,28.8854868136608,18.1485,3.675978484631259,88.52676330372078,24.082503114160907,15.407174886075325,31.0,77.83467403035878,34.13248879585333,747.5164132668848
GHA,2026Q2,ADM2,mobile,Tano North Municipal,105678.39595753425,10622.187385559082,10.051427530966212,0.5277414653335487,12.0,64.0,13.0,7.021954833203216,17.017920946768463,6.7105,5.184397089944653,41.081931964043434,7.924148411340538,9.653903759025114,39.74113261991854,46.92448338797061,27.42918938692946,126.2757868756738
GHA,2026Q2,ADM2,mobile,Tano South Municipal,99595.05815076959,4578.194529533386,4.59680893263077,0.6015112186542743,8.0,11.0,8.0,4.5788775272276725,5.641499269109376,11.645,1.206,11.01060875293648,9.129858004093268,6.926770345619065,30.78871026768865,8.898747866683653,1.7476267085218329,203.4814680331875
GHA,2026Q2,ADM2,mobile,Tarkwa Nsuaem,244985.24483084126,97057.56618881226,39.61771912256556,2.088377128351663,51.0,331.0,87.0,13.262635915603422,26.461100209101456,12.143,2.1173083306933624,75.4859893988135,35.65186435274349,14.619691253761346,30.0,62.644993670611804,27.299111705607892,270.58178573965455
GHA,2026Q2,ADM2,mobile,Techiman Municipal,289311.38668591226,85483.67502975464,29.54729020830385,1.3588005570094923,24.0,70.0,27.0,12.410832688219072,20.585342425565653,12.2355,0.9249733740563888,51.66424191929305,55.8548422780259,12.618767643793678,31.0,52.12838283639457,38.20727215887381,445.78897041252185
GHA,2026Q2,ADM2,mobile,Techiman North,109609.78134781253,12452.145629882812,11.360432870830937,0.09436117951080657,1.0,2.0,1.0,37.086,37.086,37.086,37.086,37.086,1.0,33.526,28.0,100.0,100.0,281.52545058355366
GHA,2026Q2,ADM2,mobile,Tema Metropolitan,211665.53555202484,104680.16870117188,49.45546209408416,27.782801691580524,32.0,99.0,42.0,16.00668885450976,32.850604464701696,15.989,3.8292835098531417,100.29232696515967,26.190885764163756,16.07375290860688,20.0,75.64598569653839,36.00411827843777,4962.7338439318055
GHA,2026Q2,ADM2,mobile,Tema West Municipal,200819.11225891113,128427.02981567383,63.951597221531394,39.33539441872999,48.0,198.0,75.0,24.092535208831297,35.568020440232104,21.898000000000003,3.3464026364896577,77.42406803597927,23.136507003591277,28.557454573027464,20.0,75.03104687599478,45.61720757311926,4444.160121180817
GHA,2026Q2,ADM2,mobile,Tolon,138643.7722562311,9979.014770507812,7.197593233445307,0.08060504547690073,3.0,7.0,3.0,18.479820036983376,17.918337114033335,17.493,11.926371199062306,19.86,1.6652173296066337,27.892097208159374,35.950452510888475,100.0,0.0,102.35585005862447
GHA,2026Q2,ADM2,mobile,Twifo Atti-morkwa,113707.86597771474,13920.350189208984,12.24220511880611,0.23256611027699933,6.0,9.0,6.0,4.029541624733245,6.397070023689003,4.2605,0.7607095000826033,12.774136187861288,16.79239734284136,18.88412311519346,19.264950203357774,16.018163728322037,1.8762291881299649,119.0299020204961
GHA,2026Q2,ADM2,mobile,Twifo Hemang Lower Denkyira,75645.3695851023,1976.870849609375,2.613340195774128,0.128750343412726,2.0,3.0,2.0,20.566715151527127,20.566715151527127,20.756,20.336,21.176,1.0413060582218725,33.09190083636902,26.47194805207636,100.0,0.0,131.34625422974185
GHA,2026Q2,ADM2,mobile,Upper Denkyira East Municipal,109829.15217690312,38138.972412109375,34.725727783711264,0.8101147488778845,11.0,25.0,12.0,8.300405054359684,24.75496256645658,7.919,2.0434627971675496,89.24201697034798,43.6719558066076,19.011426364041107,30.57193601769498,44.58639457000746,27.407076816001176,218.67012684538074
GHA,2026Q2,ADM2,mobile,Upper Denkyira West,109511.66897918352,9122.721214294434,8.330364516705998,0.5752963184989791,9.0,50.0,16.0,15.279617426410878,24.946245641179615,10.621,4.137680837439881,52.19169524242234,12.613755698642784,26.863016783666463,35.264783199366065,74.7157600940474,41.4137792087862,189.3396796818328
GHA,2026Q2,ADM2,mobile,Upper Manya,80684.28585441329,16579.415649414062,20.548506408459705,0.1719295243371584,4.0,9.0,5.0,9.307128573682274,15.337974044175827,8.039,5.780658222837029,49.05605509442847,8.4862403559214,16.456872364775418,24.0,15.764549374259735,15.764549374259735,93.91014419114094
GHA,2026Q2,ADM2,mobile,Upper West Akim,99270.49397278087,17362.906005859375,17.49050025944279,0.43277741253505897,4.0,6.0,6.0,12.262211777910425,25.980063728823836,49.1345,10.28,89.02582384315926,8.66009959563806,3.0628918110769763,28.461413885192425,100.0,14.599549674369838,290.1947800563152
GHA,2026Q2,ADM2,mobile,Wa Municipal,224452.55155515936,91934.28524780273,40.959340676156145,1.7515326959074158,28.0,114.0,32.0,14.956152398312774,30.312487870811093,14.645,0.9878294402360853,91.639050230867,92.76808981210948,10.56587302597643,41.0,55.47637349543222,39.87241917982984,387.2935450096779
GHA,2026Q2,ADM2,mobile,Wassa Amenfi Central,150567.51234871498,3038.0709228515625,2.017746640998742,0.10021633857610618,5.0,6.0,5.0,39.93082148584081,38.911776960726705,32.51,16.673579966539585,53.026,3.180240842483269,8.746351211477299,35.043408752985634,100.0,80.61863613356817,81.56755286142793
GHA,2026Q2,ADM2,mobile,Wassa Amenfi East,184237.89810056976,16620.130111694336,9.02101591640061,0.2849726551383959,12.0,17.0,13.0,3.8571038070761228,16.856054078660424,6.977,0.203,40.38234217497206,198.92779396537958,21.57751363349255,31.0,41.13221359309364,41.13221359309364,118.21276145463601
GHA,2026Q2,ADM2,mobile,Wassa Amenfi West,148412.99637794914,20233.88786315918,13.633501348919255,0.17901345194474172,7.0,55.0,8.0,3.5707929347406653,10.132372727509146,8.269,0.653510416648832,52.819818840102286,80.82475427241025,20.815909722215398,36.73396604041718,30.46612793431339,30.46612793431339,102.50127675394522
GHA,2026Q2,ADM2,mobile,Wassa East,113846.19497415713,6665.0131912231445,5.854401363819045,0.11217748082742386,5.0,54.0,7.0,31.789422079416774,40.7892439554948,75.962,17.16,99.49705634806722,5.798196756880374,23.25221867888572,27.143626026105757,100.0,50.49132064568259,68.92729028804267
GHA,2026Q2,ADM2,mobile,Weija Gbawe Municipal,546128.7949826717,293382.2044067383,53.720332475061504,18.99870708178908,84.0,230.0,118.0,21.3687057668374,32.63673923166701,20.444499999999998,2.086351877569686,80.64815608208751,38.655107486485726,18.483912800019514,23.0,67.8138526872743,43.6375469627734,3334.485356742781
GHA,2026Q2,ADM2,mobile,Wenchi Municipal,140143.79518160844,13168.860137939453,9.39667726343096,0.256505800125818,8.0,10.0,8.0,48.144258521585755,44.60499148032588,25.524500000000003,18.29353730098389,84.28563510539249,4.607399526873314,15.352022522135922,31.0,99.29479961945155,75.03581995034641,122.37886372721213
GHA,2026Q2,ADM2,mobile,West Akim,140686.0038569025,22637.360748291016,16.09069852557359,0.3892358082543305,5.0,26.0,10.0,12.64172076401826,26.339302537795938,13.16,11.605,21.506255860350343,1.8531887858983491,8.052742542573439,47.328752063974406,100.0,7.40742257610449,295.9754832731497
GHA,2026Q2,ADM2,mobile,West Gonja,73823.72231832096,10901.053894042969,14.766329239046831,0.03091555404269061,4.0,22.0,4.0,89.12691124040211,85.4855297754487,59.0895,57.912114806189194,89.412,1.5439256587197598,5.683335550685088,28.297277121582788,98.19463872324066,98.19463872324066,15.651475122888655
GHA,2026Q2,ADM2,mobile,West Mamprusi Municipal,198848.39905669197,502.60400581359863,0.25275738109930945,0.04152287457765794,3.0,7.0,3.0,14.37631998727569,14.41618741845756,11.746,9.597752437446124,19.03,1.9827558716511045,0.5947912781306827,49.69448658603228,97.59933094416735,0.0,76.13748956325045
GHA,2026Q2,ADM2,mobile,Yendi Municipal,172244.46895001136,25717.56219482422,14.93084936288314,0.17605494367064534,7.0,43.0,7.0,9.002907350028305,8.277802627314472,12.335,0.535,13.557740957265851,25.341571882739906,15.713840008917687,65.12801857440627,56.29523179972136,6.965700885127752,119.05544194104357
GHA,2026Q2,ADM2,mobile,Yilo Krobo,144537.61252296384,31951.41355895996,22.105950832613612,1.0702378329660718,14.0,54.0,16.0,28.910561143565737,34.516498187347146,31.4645,3.4434082948350966,62.4775415990358,18.144099174282736,24.251529882569542,26.0,68.14503947982699,64.45682545634457,298.8719396825933
